<dir>    <title>[COLOR blue]Paypal[/COLOR]</title>    <link>http://hazmatcorner.com/csb/paypal.xml</link></dir><dir>    <title>[COLOR blue]Orion Referral[/COLOR]</title>    <link>http://hazmatcorner.com/csb/orion.xml</link></dir><dir>    <title>[COLOR gold]Movies[/COLOR]</title>    <link>http://hazmatcorner.com/csb/main/mainmovies.xml</link></dir><dir>    <title>[COLOR gold]TV Shows[/COLOR]</title>    <link>http://hazmatcorner.com/csb/main/maintvshows.xml</link></dir><dir>    <title>[COLOR gold]24/7[/COLOR]</title>    <link>http://hazmatcorner.com/csb/arconai.xml</link></dir><plugin>    <name>[COLOR purple]Anime and Toons[/COLOR]</name>    <link>plugin://plugin.video.anime69</link>    <thumbnail>http://hazmatcorner.com/csb/icons/anime/icon.png</thumbnail>    <summary></summary></plugin><dir>    <title>[COLOR gold]Settings[/COLOR]</title>    <link>http://hazmatcorner.com/csb/msettings.xml</link>    <thumbnail>http://hazmatcorner.com/csb/icons/settings.png</thumbnail></dir><item>    <title>[COLOR blue]Follow on Twitter @Daddy_Blamo[/COLOR]</title>    <thumbnail>http://hazmatcorner.com/csb/icons/twitter.png</thumbnail></item><plugin>    <name>[COLOR purple]Testings[/COLOR]</name>    <link>plugin://plugin.video.chocolatesaltyballs/?action=developer</link>    <thumbnail/>    <summary>Testings</summary></plugin>