﻿<?xml version="1.0" encoding="UTF-8" standalone="yes"?>
<addon id="plugin.video.chocolatesaltyballs" name="[COLOR gold]Chocolate Salty Balls[/COLOR]" version="2.6" provider-name="[COLOR gold]Mr.Blamo[/COLOR]">
    <requires>
        <import addon="xbmc.python" version="2.19.0" />
        <import addon="script.module.universalscrapers" />
        <import addon="script.module.python.koding.aio" />
        <import addon="script.module.beautifulsoup" />
        <import addon="script.module.requests" />
        <import addon="script.module.addon.common" />
        <import addon="script.module.xmltodict" />
        <import addon="script.module.dateutil" />
<!-- 		<import addon="script.module.catchuptv" /> -->
        <!--<import addon="script.module.web-pdb" version="1.0"/>-->
        <import addon="script.module.resolveurl" />
    </requires>
    <extension point="xbmc.python.pluginsource" library="default.py">
        <provides>video</provides>
    </extension>
    <extension point="xbmc.service" library="service.py" start="[login|startup]" />
    <extension point="xbmc.addon.metadata">
        <summary lang="en">Big Chocolate Salty Balls</summary>
        <description lang="en">Brought to you by Mr.Blamo Premium Service Required</description>
        <disclaimer lang="en">The author is not responsible for the use of this addon. The author is not responsible for the content found using this addon. The author does not host or own any content found within this addon.[CR]The author is in no way affiliated with Kodi, Team Kodi, or the XBMC Foundation.[CR]This is a Non-profit resource, organized solely for educational purposes which is protected under the Fair-Use doctrine of the Copyright Act, Specifically section 107, which does promote freedom of expression, by permitting the unlicensed use of copyright-protected works.</disclaimer>
        <platform>all</platform>
        <website/>
        <reuselanguageinvoker>false</reuselanguageinvoker>
    </extension>
</addon>
