<?xml version="1.0" encoding="UTF-8" standalone="yes"?>
<addon id="script.module.tt" name=" TvTap" version="1.4.b" provider-name="RACC">
  <requires>
    <import addon="xbmc.python" version="2.1.0"/>
    <import addon="script.module.livestreamer" />
    <import addon="script.module.requests" />
    <import addon="script.module.routing" />
  </requires>
  <extension point="xbmc.python.pluginsource" library="addon.py">
    <provides>video</provides>
  </extension>
  <extension point="xbmc.addon.metadata">
    <description lang="en">Tap Tv Android Apk</description>
    <platform>all</platform>
  </extension>
</addon>
