<item>
    <title>[COLOR blue]Follow on Twitter @Daddy_Blamo[/COLOR]</title>
    <thumbnail>file://icons/twitter.png</thumbnail>
</item>

<dir>
    <title>[COLOR gold]Movies[/COLOR]</title>
    <link>file://movies/movies.xml</link>
    <thumbnail>file://icons/movienight.png</thumbnail>
</dir>

<dir>
    <title>[COLOR gold]TV Shows[/COLOR]</title>
    <link>file://tvshows/tvshows.xml</link>
    <thumbnail>file://icons/disney.png</thumbnail>
</dir>

<dir>
    <title>[COLOR gold]Disney[/COLOR]</title>
    <link>file://csb/disney.xml</link>
    <thumbnail>file://icons/disney.png</thumbnail>
</dir>

<dir>
    <title>[COLOR gold]Tools[/COLOR]</title>
    <link>file://csb/msettings.xml</link>
    <thumbnail>file://icons/settings.png</thumbnail>
</dir>

<dir>
    <title>[COLOR blue]Paypal[/COLOR]</title>
    <link>file://csb/paypal.xml</link>
</dir>

<dir>
    <title>[COLOR blue]Orion Referral[/COLOR]</title>
    <link>file://csb/orion.xml</link>
    <thumbnail>https://orionoid.com/web/images/logo/logo256.png</thumbnail>
</dir>

  <plugin>
    <name>[COLOR purple]Testings[/COLOR]</name>
    <link>plugin://plugin.video.chocolatesaltyballs/?action=developer</link>
    <thumbnail></thumbnail>
    <summary>Testings</summary>
  </plugin>