<dir>
    <title>[COLOR gold]Years[/COLOR]</title>
    <link>file://movies/years.xml</link>
    <thumbnail>file://icons/</thumbnail>
</dir>

<dir>
    <title>[COLOR gold]Genres[/COLOR]</title>
    <link>file://tvshows/genres.xml</link>
    <thumbnail>file://icons/</thumbnail>
</dir>

<dir>
    <title>[COLOR gold]Movies Night[/COLOR]</title>
    <link>file://csb/movienight/movienght.xml</link>
    <thumbnail>file://icons/movienight.png</thumbnail>
</dir>

<dir>
    <title>[COLOR blue]I Want To Believe[/COLOR]</title>
    <link>file://csb/believe/believe.xml</link>
    <thumbnail>file://icons/believe.png</thumbnail>
</dir>
  
<dir>
  <title>Trending Movies</title>
  <trakt>https://api.trakt.tv/movies/trending</trakt>
</dir>

<dir>
  <title>Popular Movies</title>
  <trakt>https://api.trakt.tv/movies/popular</trakt>
</dir>

<dir>
  <title>Movie Watchlist</title>
  <trakt>https://api.trakt.tv/sync/watchlist/movies</trakt>
</dir>

<dir>
  <title>Movie Collection</title>
  <trakt>https://api.trakt.tv/sync/collection/movies</trakt>
</dir>

<dir>
  <title>TMDB Popular</title>
  <tmdb>movies/popular</tmdb>
</dir>

<dir>
  <title>TMDB Now Playing</title>
  <tmdb>movies/now_playing</tmdb>
</dir>

<dir>
  <title>TMDB Top Rated</title>
  <tmdb>movies/top_rated</tmdb>
</dir>

<dir>
  <title>My lists</title>
  <trakt>https://api.trakt.tv/users/me/lists/</trakt>
</dir>

<dir>
  <title>My Liked Lists</title>
  <trakt>https://api.trakt.tv/users/likes/lists</trakt>
</dir>

<dir>
  <title>[COLOR red]Search Trakt[/COLOR]</title>
  <trakt>search</trakt>
</dir>

<dir>
  <title>[COLOR green]Search TMDB[/COLOR]</title>
  <tmdb>search</tmdb>
</dir>