<?xml version="1.0" encoding="UTF-8" standalone="yes"?>
<addon id="plugin.video.anime69" name="Anime Toons" version="1.0.0" provider-name="Mr.Blamo">
  <requires>
    <import addon="xbmc.python" version="2.19.0"/>
    <import addon="script.module.resolveurl"/>
  </requires>
  <extension point="xbmc.python.pluginsource" library="anime.py">
        <provides>video</provides>
  </extension>
  <extension point="xbmc.addon.metadata">
    <summary lang="en"></summary>
    <description lang="en"></description>
    <platform>all</platform>
    <reuselanguageinvoker>false</reuselanguageinvoker>
  </extension>
</addon>
