<item>
	<title>Salt (2010)</title>
	<meta>
		<content>movie</content>
		<imdb>tt0944835</imdb>
		<title>Salt</title>
		<year>2010</year>
	</meta>
	<link>
		<sublink>search</sublink>
		<sublink>searchsd</sublink>
	</link>
	<thumbnail>https://image.tmdb.org/t/p/w1280/956xMjH4sPoqimqoLOP6AI19mjm.jpg</thumbnail>
	<fanart>https://image.tmdb.org/t/p/w1280/vHLsgsvLtFWDlhBigKDRsYIC1p6.jpg</fanart>
</item>

<item>
	<title>Saving Private Ryan (1998)</title>
	<meta>
		<content>movie</content>
		<imdb>tt0120815</imdb>
		<title>Saving Private Ryan</title>
		<year>1998</year>
	</meta>
	<link>
		<sublink>search</sublink>
		<sublink>searchsd</sublink>
	</link>
	<thumbnail>https://image.tmdb.org/t/p/w1280/miDoEMlYDJhOCvxlzI0wZqBs9Yt.jpg</thumbnail>
	<fanart>https://image.tmdb.org/t/p/w1280/hjQp148VjWF4KjzhsD90OCMr11h.jpg</fanart>
</item>

<item>
	<title>Saw (2004)</title>
	<meta>
		<content>movie</content>
		<imdb>tt0387564</imdb>
		<title>Saw</title>
		<year>2004</year>
	</meta>
	<link>
		<sublink>search</sublink>
		<sublink>searchsd</sublink>
	</link>
	<thumbnail>https://image.tmdb.org/t/p/w1280/dHYvIgsax8ZFgkz1OslE4V6Pnf5.jpg</thumbnail>
	<fanart>https://image.tmdb.org/t/p/w1280/qtWjZgCmslPwjP4DFUcLBUj13GV.jpg</fanart>
</item>

<item>
	<title>Scarface (1983)</title>
	<meta>
		<content>movie</content>
		<imdb>tt0086250</imdb>
		<title>Scarface</title>
		<year>1983</year>
	</meta>
	<link>
		<sublink>search</sublink>
		<sublink>searchsd</sublink>
	</link>
	<thumbnail>https://image.tmdb.org/t/p/w1280/zr2p353wrd6j3wjLgDT4TcaestB.jpg</thumbnail>
	<fanart>https://image.tmdb.org/t/p/w1280/51fjuzYoJKvGW43j32nBpWW6Tm1.jpg</fanart>
</item>

<item>
	<title>Schindler's List (1993)</title>
	<meta>
		<content>movie</content>
		<imdb>tt0108052</imdb>
		<title>Schindler's List</title>
		<year>1993</year>
	</meta>
	<link>
		<sublink>search</sublink>
		<sublink>searchsd</sublink>
	</link>
	<thumbnail>https://image.tmdb.org/t/p/w1280/yPisjyLweCl1tbgwgtzBCNCBle.jpg</thumbnail>
	<fanart>https://image.tmdb.org/t/p/w1280/cTNYRUTXkBgPH3wP3kmPUB5U6dA.jpg</fanart>
</item>

<item>
	<title>Scream (1996)</title>
	<meta>
		<content>movie</content>
		<imdb>tt0117571</imdb>
		<title>Scream</title>
		<year>1996</year>
	</meta>
	<link>
		<sublink>search</sublink>
		<sublink>searchsd</sublink>
	</link>
	<thumbnail>https://image.tmdb.org/t/p/w1280/ewi7gYW22t8T3piRvrXO73GlzuL.jpg</thumbnail>
	<fanart>https://image.tmdb.org/t/p/w1280/tdcb0RHusaQxScWORevtKQ0u9NG.jpg</fanart>
</item>

<item>
	<title>Se7en (1995)</title>
	<meta>
		<content>movie</content>
		<imdb>tt0114369</imdb>
		<title>Se7en</title>
		<year>1995</year>
	</meta>
	<link>
		<sublink>search</sublink>
		<sublink>searchsd</sublink>
	</link>
	<thumbnail>https://image.tmdb.org/t/p/w1280/8zw8IL4zEPjkh8Aysdcd0FwGMb0.jpg</thumbnail>
	<fanart>https://image.tmdb.org/t/p/w1280/A0WKbRIojF9DUWG4XLCmg5JK6I5.jpg</fanart>
</item>

<item>
	<title>Session 9 (2001)</title>
	<meta>
		<content>movie</content>
		<imdb>tt0261983</imdb>
		<title>Session 9</title>
		<year>2001</year>
	</meta>
	<link>
		<sublink>search</sublink>
		<sublink>searchsd</sublink>
	</link>
	<thumbnail>https://image.tmdb.org/t/p/w1280/mWwrWhPHiHSoCWUkYcq4GplRF6V.jpg</thumbnail>
	<fanart>https://image.tmdb.org/t/p/w1280/d5tK8tUD4qhtfupIEaIGnnMSLiB.jpg</fanart>
</item>

<item>
	<title>Shaun of the Dead (2004)</title>
	<meta>
		<content>movie</content>
		<imdb>tt0365748</imdb>
		<title>Shaun of the Dead</title>
		<year>2004</year>
	</meta>
	<link>
		<sublink>search</sublink>
		<sublink>searchsd</sublink>
	</link>
	<thumbnail>https://image.tmdb.org/t/p/w1280/2evlcGnsfdFWLb7geNlIjIewc0Q.jpg</thumbnail>
	<fanart>https://image.tmdb.org/t/p/w1280/50mMiR0R1QclaAODTutwXBrReLJ.jpg</fanart>
</item>

<item>
	<title>Sherlock Holmes (2009)</title>
	<meta>
		<content>movie</content>
		<imdb>tt0988045</imdb>
		<title>Sherlock Holmes</title>
		<year>2009</year>
	</meta>
	<link>
		<sublink>search</sublink>
		<sublink>searchsd</sublink>
	</link>
	<thumbnail>https://image.tmdb.org/t/p/w1280/22ngurXbLqab7Sko6aTSdwOCe5W.jpg</thumbnail>
	<fanart>https://image.tmdb.org/t/p/w1280/k8nSKp54r0j1uy9QwM9RaD3goah.jpg</fanart>
</item>

<item>
	<title>Shrek (2001)</title>
	<meta>
		<content>movie</content>
		<imdb>tt0126029</imdb>
		<title>Shrek</title>
		<year>2001</year>
	</meta>
	<link>
		<sublink>search</sublink>
		<sublink>searchsd</sublink>
	</link>
	<thumbnail>https://image.tmdb.org/t/p/w1280/140ewbWv8qHStD3mlBDvvGd0Zvu.jpg</thumbnail>
	<fanart>https://image.tmdb.org/t/p/w1280/2l5UHZBcp9cx1PwKLdisJ0gV9jB.jpg</fanart>
</item>

<item>
	<title>Shutter Island (2010)</title>
	<meta>
		<content>movie</content>
		<imdb>tt1130884</imdb>
		<title>Shutter Island</title>
		<year>2010</year>
	</meta>
	<link>
		<sublink>search</sublink>
		<sublink>searchsd</sublink>
	</link>
	<thumbnail>https://image.tmdb.org/t/p/w1280/aZqKsvpJDFy2UzUMsdskNFbfkOd.jpg</thumbnail>
	<fanart>https://image.tmdb.org/t/p/w1280/bcb3FYtLbuPgNYO4M1IY7rfeMal.jpg</fanart>
</item>

<item>
	<title>Sideways (2004)</title>
	<meta>
		<content>movie</content>
		<imdb>tt0375063</imdb>
		<title>Sideways</title>
		<year>2004</year>
	</meta>
	<link>
		<sublink>search</sublink>
		<sublink>searchsd</sublink>
	</link>
	<thumbnail>https://image.tmdb.org/t/p/w1280/k8UfdLAP07SDfilmWOHFPv23tu7.jpg</thumbnail>
	<fanart>https://image.tmdb.org/t/p/w1280/viDgWsq06MsCPEz2sglrGRCzG2P.jpg</fanart>
</item>

<item>
	<title>Sin City (2005)</title>
	<meta>
		<content>movie</content>
		<imdb>tt0401792</imdb>
		<title>Sin City</title>
		<year>2005</year>
	</meta>
	<link>
		<sublink>search</sublink>
		<sublink>searchsd</sublink>
	</link>
	<thumbnail>https://image.tmdb.org/t/p/w1280/vKJVGOKPyWqp9d2EX5NH1liqRqR.jpg</thumbnail>
	<fanart>https://image.tmdb.org/t/p/w1280/my81Hjt7NpZhaMX9bHi4wVhFy0v.jpg</fanart>
</item>

<item>
	<title>Sin City: A Dame to Kill For (2014)</title>
	<meta>
		<content>movie</content>
		<imdb>tt0458481</imdb>
		<title>Sin City: A Dame to Kill For</title>
		<year>2014</year>
	</meta>
	<link>
		<sublink>search</sublink>
		<sublink>searchsd</sublink>
	</link>
	<thumbnail>https://image.tmdb.org/t/p/w1280/k80qKrJ0qQ6ocVo5N932stNSg6j.jpg</thumbnail>
	<fanart>https://image.tmdb.org/t/p/w1280/khzRw7ZDE3NIrYpe0RYyB864FPT.jpg</fanart>
</item>

<item>
	<title>Sinister (2012)</title>
	<meta>
		<content>movie</content>
		<imdb>tt1922777</imdb>
		<title>Sinister</title>
		<year>I 2012</year>
	</meta>
	<link>
		<sublink>search</sublink>
		<sublink>searchsd</sublink>
	</link>
	<thumbnail>https://image.tmdb.org/t/p/w1280/hrRYY7FcRc46Ue7h9jcKiW1xqJ3.jpg</thumbnail>
	<fanart>https://image.tmdb.org/t/p/w1280/lAdRfK0Clun517bq5V0meoIx7SG.jpg</fanart>
</item>

<item>
	<title>Skyfall (2012)</title>
	<meta>
		<content>movie</content>
		<imdb>tt1074638</imdb>
		<title>Skyfall</title>
		<year>2012</year>
	</meta>
	<link>
		<sublink>search</sublink>
		<sublink>searchsd</sublink>
	</link>
	<thumbnail>https://image.tmdb.org/t/p/w1280/lQCkPLDxFONmgzrWLvq085v1g2d.jpg</thumbnail>
	<fanart>https://image.tmdb.org/t/p/w1280/6bjRujKSnCVSrzC1qjmqfAyaiET.jpg</fanart>
</item>

<item>
	<title>Sleepers (1996)</title>
	<meta>
		<content>movie</content>
		<imdb>tt0117665</imdb>
		<title>Sleepers</title>
		<year>1996</year>
	</meta>
	<link>
		<sublink>search</sublink>
		<sublink>searchsd</sublink>
	</link>
	<thumbnail>https://image.tmdb.org/t/p/w1280/cDqEv4Fw4JZh2zCfecqw3z09L8z.jpg</thumbnail>
	<fanart>https://image.tmdb.org/t/p/w1280/vvdo7wDPJZHfstNMKprqRIM8l3B.jpg</fanart>
</item>

<item>
	<title>Sleeping with the Enemy (1991)</title>
	<meta>
		<content>movie</content>
		<imdb>tt0102945</imdb>
		<title>Sleeping with the Enemy</title>
		<year>1991</year>
	</meta>
	<link>
		<sublink>search</sublink>
		<sublink>searchsd</sublink>
	</link>
	<thumbnail>https://image.tmdb.org/t/p/w1280/mf7WgHsZ0lwn0wb7iHN3WSTUeuE.jpg</thumbnail>
	<fanart>https://image.tmdb.org/t/p/w1280/kSZd5IkmNbSbL7jPkfKFGTMpe6u.jpg</fanart>
</item>

<item>
	<title>Sleepy Hollow (1999)</title>
	<meta>
		<content>movie</content>
		<imdb>tt0162661</imdb>
		<title>Sleepy Hollow</title>
		<year>1999</year>
	</meta>
	<link>
		<sublink>search</sublink>
		<sublink>searchsd</sublink>
	</link>
	<thumbnail>https://image.tmdb.org/t/p/w1280/2UDsmTvWSxVvuGoRQyV3zVaIRyu.jpg</thumbnail>
	<fanart>https://image.tmdb.org/t/p/w1280/3p5YkOrajk3DVYrGwX64p8ervti.jpg</fanart>
</item>

<item>
	<title>Slumdog Millionaire (2008)</title>
	<meta>
		<content>movie</content>
		<imdb>tt1010048</imdb>
		<title>Slumdog Millionaire</title>
		<year>2008</year>
	</meta>
	<link>
		<sublink>search</sublink>
		<sublink>searchsd</sublink>
	</link>
	<thumbnail>https://image.tmdb.org/t/p/w1280/ojgf8iJpS4VX6jJfWGLpuEx0wm.jpg</thumbnail>
	<fanart>https://image.tmdb.org/t/p/w1280/aIv7WnkxMWsswEpaeRuNbC32D9d.jpg</fanart>
</item>

<item>
	<title>Snatch (2000)</title>
	<meta>
		<content>movie</content>
		<imdb>tt0208092</imdb>
		<title>Snatch</title>
		<year>2000</year>
	</meta>
	<link>
		<sublink>search</sublink>
		<sublink>searchsd</sublink>
	</link>
	<thumbnail>https://image.tmdb.org/t/p/w1280/on9JlbGEccLsYkjeEph2Whm1DIp.jpg</thumbnail>
	<fanart>https://image.tmdb.org/t/p/w1280/cNLZ7YGRikb4IsLblrzu86ndZPw.jpg</fanart>
</item>

<item>
	<title>Spectre (2015)</title>
	<meta>
		<content>movie</content>
		<imdb>tt2379713</imdb>
		<title>Spectre</title>
		<year>I 2015</year>
	</meta>
	<link>
		<sublink>search</sublink>
		<sublink>searchsd</sublink>
	</link>
	<thumbnail>https://image.tmdb.org/t/p/w1280/hE24GYddaxB9MVZl1CaiI86M3kp.jpg</thumbnail>
	<fanart>https://image.tmdb.org/t/p/w1280/wVTYlkKPKrljJfugXN7UlLNjtuJ.jpg</fanart>
</item>

<item>
	<title>Speed (1994)</title>
	<meta>
		<content>movie</content>
		<imdb>tt0111257</imdb>
		<title>Speed</title>
		<year>1994</year>
	</meta>
	<link>
		<sublink>search</sublink>
		<sublink>searchsd</sublink>
	</link>
	<thumbnail>https://image.tmdb.org/t/p/w1280/u5ZqizbcZ0RZhVqmu8lSU4SARBT.jpg</thumbnail>
	<fanart>https://image.tmdb.org/t/p/w1280/pGVpDc6MgLRtOYdxsA5fhj1SZki.jpg</fanart>
</item>

<item>
	<title>Spider-Man 2 (2004)</title>
	<meta>
		<content>movie</content>
		<imdb>tt0316654</imdb>
		<title>Spider-Man 2</title>
		<year>2004</year>
	</meta>
	<link>
		<sublink>search</sublink>
		<sublink>searchsd</sublink>
	</link>
	<thumbnail>https://image.tmdb.org/t/p/w1280/olxpyq9kJAZ2NU1siLshhhXEPR7.jpg</thumbnail>
	<fanart>https://image.tmdb.org/t/p/w1280/inHzBSWqQhHaamuBSZ0I0YQ1OQf.jpg</fanart>
</item>

<item>
	<title>Spy Game (2001)</title>
	<meta>
		<content>movie</content>
		<imdb>tt0266987</imdb>
		<title>Spy Game</title>
		<year>2001</year>
	</meta>
	<link>
		<sublink>search</sublink>
		<sublink>searchsd</sublink>
	</link>
	<thumbnail>https://image.tmdb.org/t/p/w1280/hsb8hBeU3tkTX8SUYW6YYw6JPYD.jpg</thumbnail>
	<fanart>https://image.tmdb.org/t/p/w1280/ncF0ozvDnIVFzKF0J5iqwEIezRJ.jpg</fanart>
</item>

<item>
	<title>Stand by Me (1986)</title>
	<meta>
		<content>movie</content>
		<imdb>tt0092005</imdb>
		<title>Stand by Me</title>
		<year>1986</year>
	</meta>
	<link>
		<sublink>search</sublink>
		<sublink>searchsd</sublink>
	</link>
	<thumbnail>https://image.tmdb.org/t/p/w1280/kedC0y75jdzByjuZNLOWIOtduNw.jpg</thumbnail>
	<fanart>https://image.tmdb.org/t/p/w1280/ljIF1JjdUUJtVW55x77vWSJxizQ.jpg</fanart>
</item>

<item>
	<title>Star Wars: Episode III - Revenge of the Sith (2005)</title>
	<meta>
		<content>movie</content>
		<imdb>tt0121766</imdb>
		<title>Star Wars: Episode III - Revenge of the Sith</title>
		<year>2005</year>
	</meta>
	<link>
		<sublink>search</sublink>
		<sublink>searchsd</sublink>
	</link>
	<thumbnail>https://image.tmdb.org/t/p/w1280/tgr5Pdy7ehZYBqBkN2K7Q02xgOb.jpg</thumbnail>
	<fanart>https://image.tmdb.org/t/p/w1280/wUYTfFbfPiZC6Lcyt1nonr69ZmK.jpg</fanart>
</item>

<item>
	<title>Star Wars (1977)</title>
	<meta>
		<content>movie</content>
		<imdb>tt0076759</imdb>
		<title>Star Wars</title>
		<year>1977</year>
	</meta>
	<link>
		<sublink>search</sublink>
		<sublink>searchsd</sublink>
	</link>
	<thumbnail>https://image.tmdb.org/t/p/w1280/btTdmkgIvOi0FFip1sPuZI2oQG6.jpg</thumbnail>
	<fanart>https://image.tmdb.org/t/p/w1280/4iJfYYoQzZcONB9hNzg0J0wWyPH.jpg</fanart>
</item>

<item>
	<title>Star Wars: Episode V - The Empire Strikes Back (1980)</title>
	<meta>
		<content>movie</content>
		<imdb>tt0080684</imdb>
		<title>Star Wars: Episode V - The Empire Strikes Back</title>
		<year>1980</year>
	</meta>
	<link>
		<sublink>search</sublink>
		<sublink>searchsd</sublink>
	</link>
	<thumbnail>https://image.tmdb.org/t/p/w1280/6u1fYtxG5eqjhtCPDx04pJphQRW.jpg</thumbnail>
	<fanart>https://image.tmdb.org/t/p/w1280/amYkOxCwHiVTFKendcIW0rSrRlU.jpg</fanart>
</item>

<item>
	<title>Star Wars: Episode VI - Return of the Jedi (1983)</title>
	<meta>
		<content>movie</content>
		<imdb>tt0086190</imdb>
		<title>Star Wars: Episode VI - Return of the Jedi</title>
		<year>1983</year>
	</meta>
	<link>
		<sublink>search</sublink>
		<sublink>searchsd</sublink>
	</link>
	<thumbnail>https://image.tmdb.org/t/p/w1280/lrJWyjOVjPhghl4KyAMtOepAxs.jpg</thumbnail>
	<fanart>https://image.tmdb.org/t/p/w1280/koE7aMeR2ATivI18mCbscLsI0Nm.jpg</fanart>
</item>

<item>
	<title>Star Wars: Episode VII - The Force Awakens (2015)</title>
	<meta>
		<content>movie</content>
		<imdb>tt2488496</imdb>
		<title>Star Wars: Episode VII - The Force Awakens</title>
		<year>2015</year>
	</meta>
	<link>
		<sublink>search</sublink>
		<sublink>searchsd</sublink>
	</link>
	<thumbnail>https://image.tmdb.org/t/p/w1280/weUSwMdQIa3NaXVzwUoIIcAi85d.jpg</thumbnail>
	<fanart>https://image.tmdb.org/t/p/w1280/njv65RTipNSTozFLuF85jL0bcQe.jpg</fanart>
</item>

<item>
	<title>Sunshine (2007)</title>
	<meta>
		<content>movie</content>
		<imdb>tt0448134</imdb>
		<title>Sunshine</title>
		<year>2007</year>
	</meta>
	<link>
		<sublink>search</sublink>
		<sublink>searchsd</sublink>
	</link>
	<thumbnail>https://image.tmdb.org/t/p/w1280/upgi8oTlMthM9sweAyBoXqr8doZ.jpg</thumbnail>
	<fanart>https://image.tmdb.org/t/p/w1280/vise7XoPrUGV9hmdK8Gt3BWGkym.jpg</fanart>
</item>

<item>
	<title>Sweeney Todd: The Demon Barber of Fleet Street (2007)</title>
	<meta>
		<content>movie</content>
		<imdb>tt0408236</imdb>
		<title>Sweeney Todd: The Demon Barber of Fleet Street</title>
		<year>2007</year>
	</meta>
	<link>
		<sublink>search</sublink>
		<sublink>searchsd</sublink>
	</link>
	<thumbnail>https://image.tmdb.org/t/p/w1280none</thumbnail>
	<fanart>https://image.tmdb.org/t/p/w1280none</fanart>
</item>

<item>
	<title>Taken (2008)</title>
	<meta>
		<content>movie</content>
		<imdb>tt0936501</imdb>
		<title>Taken</title>
		<year>I 2008</year>
	</meta>
	<link>
		<sublink>search</sublink>
		<sublink>searchsd</sublink>
	</link>
	<thumbnail>https://image.tmdb.org/t/p/w1280none</thumbnail>
	<fanart>https://image.tmdb.org/t/p/w1280none</fanart>
</item>

<item>
	<title>Taken 2 (2012)</title>
	<meta>
		<content>movie</content>
		<imdb>tt1397280</imdb>
		<title>Taken 2</title>
		<year>2012</year>
	</meta>
	<link>
		<sublink>search</sublink>
		<sublink>searchsd</sublink>
	</link>
	<thumbnail>https://image.tmdb.org/t/p/w1280none</thumbnail>
	<fanart>https://image.tmdb.org/t/p/w1280none</fanart>
</item>

<item>
	<title>Terminator 2: Judgment Day (1991)</title>
	<meta>
		<content>movie</content>
		<imdb>tt0103064</imdb>
		<title>Terminator 2: Judgment Day</title>
		<year>1991</year>
	</meta>
	<link>
		<sublink>search</sublink>
		<sublink>searchsd</sublink>
	</link>
	<thumbnail>https://image.tmdb.org/t/p/w1280/2y4dmgWYRMYXdD1UyJVcn2HSd1D.jpg</thumbnail>
	<fanart>https://image.tmdb.org/t/p/w1280/d9AqtruwS8nljKjL5aYzM42hQJr.jpg</fanart>
</item>

<item>
	<title>The Abyss (1989)</title>
	<meta>
		<content>movie</content>
		<imdb>tt0096754</imdb>
		<title>The Abyss</title>
		<year>1989</year>
	</meta>
	<link>
		<sublink>search</sublink>
		<sublink>searchsd</sublink>
	</link>
	<thumbnail>https://image.tmdb.org/t/p/w1280/kRP5dGXDhKt7bDpXX4YBa4dRwlL.jpg</thumbnail>
	<fanart>https://image.tmdb.org/t/p/w1280/uvjzesOBQqlR2x7tEAcuWsPdjW8.jpg</fanart>
</item>

<item>
	<title>The Accused (1988)</title>
	<meta>
		<content>movie</content>
		<imdb>tt0094608</imdb>
		<title>The Accused</title>
		<year>1988</year>
	</meta>
	<link>
		<sublink>search</sublink>
		<sublink>searchsd</sublink>
	</link>
	<thumbnail>https://image.tmdb.org/t/p/w1280/je2mxX5kjOHECXdv1yOgtoPmC0P.jpg</thumbnail>
	<fanart>https://image.tmdb.org/t/p/w1280/8TbQN4hCDgkmGoKC4nUj4H9x9gR.jpg</fanart>
</item>

<item>
	<title>The Amazing Spider-Man (2012)</title>
	<meta>
		<content>movie</content>
		<imdb>tt0948470</imdb>
		<title>The Amazing Spider-Man</title>
		<year>2012</year>
	</meta>
	<link>
		<sublink>search</sublink>
		<sublink>searchsd</sublink>
	</link>
	<thumbnail>https://image.tmdb.org/t/p/w1280/eA2D86Y6VPWuUzZyatiLBwpTilQ.jpg</thumbnail>
	<fanart>https://image.tmdb.org/t/p/w1280/ujAY1ad7yS2TfV0GDNGUZ7DK0mo.jpg</fanart>
</item>

<item>
	<title>The Artist (2011)</title>
	<meta>
		<content>movie</content>
		<imdb>tt1655442</imdb>
		<title>The Artist</title>
		<year>I 2011</year>
	</meta>
	<link>
		<sublink>search</sublink>
		<sublink>searchsd</sublink>
	</link>
	<thumbnail>https://image.tmdb.org/t/p/w1280/i0mpvMIIjyubXsVKug9vX0lYpnd.jpg</thumbnail>
	<fanart>https://image.tmdb.org/t/p/w1280/tr6OExnBfjLADi9OyZoW308mPAp.jpg</fanart>
</item>

<item>
	<title>The Aviator (2004)</title>
	<meta>
		<content>movie</content>
		<imdb>tt0338751</imdb>
		<title>The Aviator</title>
		<year>2004</year>
	</meta>
	<link>
		<sublink>search</sublink>
		<sublink>searchsd</sublink>
	</link>
	<thumbnail>https://image.tmdb.org/t/p/w1280/3MKBQgIHI5DPVNvryiTesskS5mf.jpg</thumbnail>
	<fanart>https://image.tmdb.org/t/p/w1280/uYusKBIK023fGZm5QycSpcfYbR4.jpg</fanart>
</item>

<item>
	<title>The Bank Job (2008)</title>
	<meta>
		<content>movie</content>
		<imdb>tt0200465</imdb>
		<title>The Bank Job</title>
		<year>2008</year>
	</meta>
	<link>
		<sublink>search</sublink>
		<sublink>searchsd</sublink>
	</link>
	<thumbnail>https://image.tmdb.org/t/p/w1280/zS3mDKTGRTQtnfiIRPnjHZM9r0l.jpg</thumbnail>
	<fanart>https://image.tmdb.org/t/p/w1280/h3aTGDGZly8ee9EHxIjIK7UaKf2.jpg</fanart>
</item>

<item>
	<title>The Big Lebowski (1998)</title>
	<meta>
		<content>movie</content>
		<imdb>tt0118715</imdb>
		<title>The Big Lebowski</title>
		<year>1998</year>
	</meta>
	<link>
		<sublink>search</sublink>
		<sublink>searchsd</sublink>
	</link>
	<thumbnail>https://image.tmdb.org/t/p/w1280/qiE3ovg9TPylHReZjizQ40LsKZV.jpg</thumbnail>
	<fanart>https://image.tmdb.org/t/p/w1280/77ElMccPnTMPouRxSdbJ4nEjf69.jpg</fanart>
</item>

<item>
	<title>The Blues Brothers (1980)</title>
	<meta>
		<content>movie</content>
		<imdb>tt0080455</imdb>
		<title>The Blues Brothers</title>
		<year>1980</year>
	</meta>
	<link>
		<sublink>search</sublink>
		<sublink>searchsd</sublink>
	</link>
	<thumbnail>https://image.tmdb.org/t/p/w1280/6hesUNBkpVRqBTBw2HlTg0h8b56.jpg</thumbnail>
	<fanart>https://image.tmdb.org/t/p/w1280/q3eNcig4YFEsUTnmIYDA90FdndO.jpg</fanart>
</item>

<item>
	<title>The Bourne Identity (2002)</title>
	<meta>
		<content>movie</content>
		<imdb>tt0258463</imdb>
		<title>The Bourne Identity</title>
		<year>2002</year>
	</meta>
	<link>
		<sublink>search</sublink>
		<sublink>searchsd</sublink>
	</link>
	<thumbnail>https://image.tmdb.org/t/p/w1280/bXQIL36VQdzJ69lcjQR1WQzJqQR.jpg</thumbnail>
	<fanart>https://image.tmdb.org/t/p/w1280/2Fr1vqBiDn8xRJM9elcplzHctTN.jpg</fanart>
</item>

<item>
	<title>The Bourne Supremacy (2004)</title>
	<meta>
		<content>movie</content>
		<imdb>tt0372183</imdb>
		<title>The Bourne Supremacy</title>
		<year>2004</year>
	</meta>
	<link>
		<sublink>search</sublink>
		<sublink>searchsd</sublink>
	</link>
	<thumbnail>https://image.tmdb.org/t/p/w1280/jXwZgmqOtsqsXuB9oGhocOAegCM.jpg</thumbnail>
	<fanart>https://image.tmdb.org/t/p/w1280/e1svWjxTXMOmdgkVLSPHSfWv90R.jpg</fanart>
</item>

<item>
	<title>The Bourne Ultimatum (2007)</title>
	<meta>
		<content>movie</content>
		<imdb>tt0440963</imdb>
		<title>The Bourne Ultimatum</title>
		<year>2007</year>
	</meta>
	<link>
		<sublink>search</sublink>
		<sublink>searchsd</sublink>
	</link>
	<thumbnail>https://image.tmdb.org/t/p/w1280/fHho6JYYY0nRcETWSoeI19iZsNF.jpg</thumbnail>
	<fanart>https://image.tmdb.org/t/p/w1280/6WpDOqkZFmhNJ0rwuLJiZVKlZi1.jpg</fanart>
</item>

<item>
	<title>The Cider House Rules (1999)</title>
	<meta>
		<content>movie</content>
		<imdb>tt0124315</imdb>
		<title>The Cider House Rules</title>
		<year>1999</year>
	</meta>
	<link>
		<sublink>search</sublink>
		<sublink>searchsd</sublink>
	</link>
	<thumbnail>https://image.tmdb.org/t/p/w1280/vAWQenCtBlzICEi9PGY3nz8CWRJ.jpg</thumbnail>
	<fanart>https://image.tmdb.org/t/p/w1280/bTyOP3kqN6a8m9lGh7NCruAnz5p.jpg</fanart>
</item>

<item>
	<title>The Conjuring (2013)</title>
	<meta>
		<content>movie</content>
		<imdb>tt1457767</imdb>
		<title>The Conjuring</title>
		<year>2013</year>
	</meta>
	<link>
		<sublink>search</sublink>
		<sublink>searchsd</sublink>
	</link>
	<thumbnail>https://image.tmdb.org/t/p/w1280/ejrD1lkCIQX26TO8k4gePsFpcyX.jpg</thumbnail>
	<fanart>https://image.tmdb.org/t/p/w1280/3TqhNm9C8GWLwkpG3gA7v0jBBb6.jpg</fanart>
</item>

<item>
	<title>The Crazies (2010)</title>
	<meta>
		<content>movie</content>
		<imdb>tt0455407</imdb>
		<title>The Crazies</title>
		<year>2010</year>
	</meta>
	<link>
		<sublink>search</sublink>
		<sublink>searchsd</sublink>
	</link>
	<thumbnail>https://image.tmdb.org/t/p/w1280/s15bIs5uLEqPEQERH5YqjCjY6gd.jpg</thumbnail>
	<fanart>https://image.tmdb.org/t/p/w1280/9payiNC2a617CoAat8vxIRiVC1Z.jpg</fanart>
</item>

<item>
	<title>The Crow (1994)</title>
	<meta>
		<content>movie</content>
		<imdb>tt0109506</imdb>
		<title>The Crow</title>
		<year>1994</year>
	</meta>
	<link>
		<sublink>search</sublink>
		<sublink>searchsd</sublink>
	</link>
	<thumbnail>https://image.tmdb.org/t/p/w1280/vrQZSCP3WeYXCTXdJQ6mXgxb9L4.jpg</thumbnail>
	<fanart>https://image.tmdb.org/t/p/w1280/scQjM3WP7cDvdizKnTb6MCu0WWb.jpg</fanart>
</item>

<item>
	<title>The Curious Case of Benjamin Button (2008)</title>
	<meta>
		<content>movie</content>
		<imdb>tt0421715</imdb>
		<title>The Curious Case of Benjamin Button</title>
		<year>2008</year>
	</meta>
	<link>
		<sublink>search</sublink>
		<sublink>searchsd</sublink>
	</link>
	<thumbnail>https://image.tmdb.org/t/p/w1280/gjMR102u5hPdIAWX7O2rim8ZWgA.jpg</thumbnail>
	<fanart>https://image.tmdb.org/t/p/w1280/u4izHlsHk8jwalt5m7E2uzP8q9E.jpg</fanart>
</item>

<item>
	<title>The Darjeeling Limited (2007)</title>
	<meta>
		<content>movie</content>
		<imdb>tt0838221</imdb>
		<title>The Darjeeling Limited</title>
		<year>2007</year>
	</meta>
	<link>
		<sublink>search</sublink>
		<sublink>searchsd</sublink>
	</link>
	<thumbnail>https://image.tmdb.org/t/p/w1280/47AGp0EKNMjqBBPaxRYDW0Sc5If.jpg</thumbnail>
	<fanart>https://image.tmdb.org/t/p/w1280/7C2offJctAbQvF1akqVmr7iwbov.jpg</fanart>
</item>

<item>
	<title>The Dark Knight (2008)</title>
	<meta>
		<content>movie</content>
		<imdb>tt0468569</imdb>
		<title>The Dark Knight</title>
		<year>2008</year>
	</meta>
	<link>
		<sublink>search</sublink>
		<sublink>searchsd</sublink>
	</link>
	<thumbnail>https://image.tmdb.org/t/p/w1280/pKKvCaL1TPTVtbI6EeliyND3api.jpg</thumbnail>
	<fanart>https://image.tmdb.org/t/p/w1280/hqkIcbrOHL86UncnHIsHVcVmzue.jpg</fanart>
</item>

<item>
	<title>The Dark Knight Rises (2012)</title>
	<meta>
		<content>movie</content>
		<imdb>tt1345836</imdb>
		<title>The Dark Knight Rises</title>
		<year>2012</year>
	</meta>
	<link>
		<sublink>search</sublink>
		<sublink>searchsd</sublink>
	</link>
	<thumbnail>https://image.tmdb.org/t/p/w1280/dEYnvnUfXrqvqeRSqvIEtmzhoA8.jpg</thumbnail>
	<fanart>https://image.tmdb.org/t/p/w1280/f6ljQGv7WnJuwBPty017oPWfqjx.jpg</fanart>
</item>

<item>
	<title>The Deer Hunter (1978)</title>
	<meta>
		<content>movie</content>
		<imdb>tt0077416</imdb>
		<title>The Deer Hunter</title>
		<year>1978</year>
	</meta>
	<link>
		<sublink>search</sublink>
		<sublink>searchsd</sublink>
	</link>
	<thumbnail>https://image.tmdb.org/t/p/w1280/slNJESItHPqp1CENEJQUPw8d7WE.jpg</thumbnail>
	<fanart>https://image.tmdb.org/t/p/w1280/ojG57hVx69vhk5DDGPIcfyRR55I.jpg</fanart>
</item>

<item>
	<title>The Departed (2006)</title>
	<meta>
		<content>movie</content>
		<imdb>tt0407887</imdb>
		<title>The Departed</title>
		<year>2006</year>
	</meta>
	<link>
		<sublink>search</sublink>
		<sublink>searchsd</sublink>
	</link>
	<thumbnail>https://image.tmdb.org/t/p/w1280/tGLO9zw5ZtCeyyEWgbYGgsFxC6i.jpg</thumbnail>
	<fanart>https://image.tmdb.org/t/p/w1280/8Od5zV7Q7zNOX0y9tyNgpTmoiGA.jpg</fanart>
</item>

<item>
	<title>The Descent (2005)</title>
	<meta>
		<content>movie</content>
		<imdb>tt0435625</imdb>
		<title>The Descent</title>
		<year>2005</year>
	</meta>
	<link>
		<sublink>search</sublink>
		<sublink>searchsd</sublink>
	</link>
	<thumbnail>https://image.tmdb.org/t/p/w1280/ldzNyitGjBLjjOzLTaQyYDMVDF1.jpg</thumbnail>
	<fanart>https://image.tmdb.org/t/p/w1280/yiJonnQUW5luTsQy2KuUuOZqtjM.jpg</fanart>
</item>

<item>
	<title>The Evil Dead (1981)</title>
	<meta>
		<content>movie</content>
		<imdb>tt0083907</imdb>
		<title>The Evil Dead</title>
		<year>1981</year>
	</meta>
	<link>
		<sublink>search</sublink>
		<sublink>searchsd</sublink>
	</link>
	<thumbnail>https://image.tmdb.org/t/p/w1280/7cpSdCrBY7UhiygkcP57dpixXsW.jpg</thumbnail>
	<fanart>https://image.tmdb.org/t/p/w1280/iaJaLxyYwxn8hpxoguASp9pZL3E.jpg</fanart>
</item>

<item>
	<title>The Exorcist (1973)</title>
	<meta>
		<content>movie</content>
		<imdb>tt0070047</imdb>
		<title>The Exorcist</title>
		<year>1973</year>
	</meta>
	<link>
		<sublink>search</sublink>
		<sublink>searchsd</sublink>
	</link>
	<thumbnail>https://image.tmdb.org/t/p/w1280/4ucLGcXVVSVnsfkGtbLY4XAius8.jpg</thumbnail>
	<fanart>https://image.tmdb.org/t/p/w1280/xcjJ5khg2yzOa282mza39Lbrm7j.jpg</fanart>
</item>

<item>
	<title>The Fifth Element (1997)</title>
	<meta>
		<content>movie</content>
		<imdb>tt0119116</imdb>
		<title>The Fifth Element</title>
		<year>1997</year>
	</meta>
	<link>
		<sublink>search</sublink>
		<sublink>searchsd</sublink>
	</link>
	<thumbnail>https://image.tmdb.org/t/p/w1280/zaFa1NRZEnFgRTv5OVXkNIZO78O.jpg</thumbnail>
	<fanart>https://image.tmdb.org/t/p/w1280/qlGoGQSVMzIjGbpvXzZUOH1FjNu.jpg</fanart>
</item>

<item>
	<title>The Fugitive (1993)</title>
	<meta>
		<content>movie</content>
		<imdb>tt0106977</imdb>
		<title>The Fugitive</title>
		<year>1993</year>
	</meta>
	<link>
		<sublink>search</sublink>
		<sublink>searchsd</sublink>
	</link>
	<thumbnail>https://image.tmdb.org/t/p/w1280none</thumbnail>
	<fanart>https://image.tmdb.org/t/p/w1280none</fanart>
</item>

<item>
	<title>The Game (1997)</title>
	<meta>
		<content>movie</content>
		<imdb>tt0119174</imdb>
		<title>The Game</title>
		<year>1997</year>
	</meta>
	<link>
		<sublink>search</sublink>
		<sublink>searchsd</sublink>
	</link>
	<thumbnail>https://image.tmdb.org/t/p/w1280none</thumbnail>
	<fanart>https://image.tmdb.org/t/p/w1280none</fanart>
</item>

<item>
	<title>The Ghost Writer (2010)</title>
	<meta>
		<content>movie</content>
		<imdb>tt1139328</imdb>
		<title>The Ghost Writer</title>
		<year>2010</year>
	</meta>
	<link>
		<sublink>search</sublink>
		<sublink>searchsd</sublink>
	</link>
	<thumbnail>https://image.tmdb.org/t/p/w1280none</thumbnail>
	<fanart>https://image.tmdb.org/t/p/w1280none</fanart>
</item>

<item>
	<title>The Godfather (1972)</title>
	<meta>
		<content>movie</content>
		<imdb>tt0068646</imdb>
		<title>The Godfather</title>
		<year>1972</year>
	</meta>
	<link>
		<sublink>search</sublink>
		<sublink>searchsd</sublink>
	</link>
	<thumbnail>https://image.tmdb.org/t/p/w1280none</thumbnail>
	<fanart>https://image.tmdb.org/t/p/w1280none</fanart>
</item>

<item>
	<title>The Godfather: Part II (1974)</title>
	<meta>
		<content>movie</content>
		<imdb>tt0071562</imdb>
		<title>The Godfather: Part II</title>
		<year>1974</year>
	</meta>
	<link>
		<sublink>search</sublink>
		<sublink>searchsd</sublink>
	</link>
	<thumbnail>https://image.tmdb.org/t/p/w1280none</thumbnail>
	<fanart>https://image.tmdb.org/t/p/w1280none</fanart>
</item>

<item>
	<title>The Godfather: Part III (1990)</title>
	<meta>
		<content>movie</content>
		<imdb>tt0099674</imdb>
		<title>The Godfather: Part III</title>
		<year>1990</year>
	</meta>
	<link>
		<sublink>search</sublink>
		<sublink>searchsd</sublink>
	</link>
	<thumbnail>https://image.tmdb.org/t/p/w1280/1hdm3Axw9LjITbApvAXBbqO58zE.jpg</thumbnail>
	<fanart>https://image.tmdb.org/t/p/w1280/dEuqTwwhfvk66jUKQa7bMqM5Cf7.jpg</fanart>
</item>

<item>
	<title>The Green Mile (1999)</title>
	<meta>
		<content>movie</content>
		<imdb>tt0120689</imdb>
		<title>The Green Mile</title>
		<year>1999</year>
	</meta>
	<link>
		<sublink>search</sublink>
		<sublink>searchsd</sublink>
	</link>
	<thumbnail>https://image.tmdb.org/t/p/w1280/sOHqdY1RnSn6kcfAHKu28jvTebE.jpg</thumbnail>
	<fanart>https://image.tmdb.org/t/p/w1280/Rlt20sEbOQKPVjia7lUilFm49W.jpg</fanart>
</item>

<item>
	<title>The Hand That Rocks the Cradle (1992)</title>
	<meta>
		<content>movie</content>
		<imdb>tt0104389</imdb>
		<title>The Hand That Rocks the Cradle</title>
		<year>1992</year>
	</meta>
	<link>
		<sublink>search</sublink>
		<sublink>searchsd</sublink>
	</link>
	<thumbnail>https://image.tmdb.org/t/p/w1280/mKNDQjZ49UdkbH6SPC9wbxtcp39.jpg</thumbnail>
	<fanart>https://image.tmdb.org/t/p/w1280/lxsr2jhzXc6kWOnhkIGSMjslqZP.jpg</fanart>
</item>

<item>
	<title>The Hangover (2009)</title>
	<meta>
		<content>movie</content>
		<imdb>tt1119646</imdb>
		<title>The Hangover</title>
		<year>2009</year>
	</meta>
	<link>
		<sublink>search</sublink>
		<sublink>searchsd</sublink>
	</link>
	<thumbnail>https://image.tmdb.org/t/p/w1280/uluhlXubGu1VxU63X9VHCLWDAYP.jpg</thumbnail>
	<fanart>https://image.tmdb.org/t/p/w1280/xxKd56iFbMeRQARUosTGgxKxrnF.jpg</fanart>
</item>

<item>
	<title>The Hobbit: An Unexpected Journey (2012)</title>
	<meta>
		<content>movie</content>
		<imdb>tt0903624</imdb>
		<title>The Hobbit: An Unexpected Journey</title>
		<year>2012</year>
	</meta>
	<link>
		<sublink>search</sublink>
		<sublink>searchsd</sublink>
	</link>
	<thumbnail>https://image.tmdb.org/t/p/w1280/h1XjBJoWdOh8aegBoVYKgABQZSL.jpg</thumbnail>
	<fanart>https://image.tmdb.org/t/p/w1280/LXNMeisGBRDMERehjNQDnz9qKI.jpg</fanart>
</item>

<item>
	<title>The Hobbit: The Battle of the Five Armies (2014)</title>
	<meta>
		<content>movie</content>
		<imdb>tt2310332</imdb>
		<title>The Hobbit: The Battle of the Five Armies</title>
		<year>2014</year>
	</meta>
	<link>
		<sublink>search</sublink>
		<sublink>searchsd</sublink>
	</link>
	<thumbnail>https://image.tmdb.org/t/p/w1280/9zRzFJuaj0CHIOhAkcCcFTvyu2X.jpg</thumbnail>
	<fanart>https://image.tmdb.org/t/p/w1280/qhH3GyIfAnGv1pjdV3mw03qAilg.jpg</fanart>
</item>

<item>
	<title>The Hobbit: The Desolation of Smaug (2013)</title>
	<meta>
		<content>movie</content>
		<imdb>tt1170358</imdb>
		<title>The Hobbit: The Desolation of Smaug</title>
		<year>2013</year>
	</meta>
	<link>
		<sublink>search</sublink>
		<sublink>searchsd</sublink>
	</link>
	<thumbnail>https://image.tmdb.org/t/p/w1280/gQCiuxGsfiXH1su6lp9n0nd0UeH.jpg</thumbnail>
	<fanart>https://image.tmdb.org/t/p/w1280/hyR7Fs6Tepgu3yCQGtgO4Ilz9tY.jpg</fanart>
</item>

<item>
	<title>The Hours (2002)</title>
	<meta>
		<content>movie</content>
		<imdb>tt0274558</imdb>
		<title>The Hours</title>
		<year>2002</year>
	</meta>
	<link>
		<sublink>search</sublink>
		<sublink>searchsd</sublink>
	</link>
	<thumbnail>https://image.tmdb.org/t/p/w1280/vRTqBRCLGiZNITXfdhGZd3tZ7Qh.jpg</thumbnail>
	<fanart>https://image.tmdb.org/t/p/w1280/ApsB4lgVmAWF3R9dqSReRCcODHl.jpg</fanart>
</item>

<item>
	<title>The Hunger Games (2012)</title>
	<meta>
		<content>movie</content>
		<imdb>tt1392170</imdb>
		<title>The Hunger Games</title>
		<year>2012</year>
	</meta>
	<link>
		<sublink>search</sublink>
		<sublink>searchsd</sublink>
	</link>
	<thumbnail>https://image.tmdb.org/t/p/w1280/iLJdwmzrHFjFwI5lvYAT1gcpRuA.jpg</thumbnail>
	<fanart>https://image.tmdb.org/t/p/w1280/1LTLrl06uII4w2BTpnQnmWwrKi.jpg</fanart>
</item>

<item>
	<title>The Hunger Games: Catching Fire (2013)</title>
	<meta>
		<content>movie</content>
		<imdb>tt1951264</imdb>
		<title>The Hunger Games: Catching Fire</title>
		<year>2013</year>
	</meta>
	<link>
		<sublink>search</sublink>
		<sublink>searchsd</sublink>
	</link>
	<thumbnail>https://image.tmdb.org/t/p/w1280/Hn0KgefVEp0GkdTexS6gfKTMfi.jpg</thumbnail>
	<fanart>https://image.tmdb.org/t/p/w1280/sRJjliXA7ZqHCr7HCK0ZB83xxjr.jpg</fanart>
</item>

<item>
	<title>The Hurt Locker (2008)</title>
	<meta>
		<content>movie</content>
		<imdb>tt0887912</imdb>
		<title>The Hurt Locker</title>
		<year>2008</year>
	</meta>
	<link>
		<sublink>search</sublink>
		<sublink>searchsd</sublink>
	</link>
	<thumbnail>https://image.tmdb.org/t/p/w1280/3ZEqU9Ykmn8zGDUwWnmTfHaaWRB.jpg</thumbnail>
	<fanart>https://image.tmdb.org/t/p/w1280/3iPnZOXR9mpcK8RwvAW7b7Axr8v.jpg</fanart>
</item>

<item>
	<title>The Illusionist (2006)</title>
	<meta>
		<content>movie</content>
		<imdb>tt0443543</imdb>
		<title>The Illusionist</title>
		<year>2006</year>
	</meta>
	<link>
		<sublink>search</sublink>
		<sublink>searchsd</sublink>
	</link>
	<thumbnail>https://image.tmdb.org/t/p/w1280/sRYw9oAiporMpq1GWcYHqmpdeAO.jpg</thumbnail>
	<fanart>https://image.tmdb.org/t/p/w1280/dJl5xLVNoIUOyeQdrrc2W9cl88m.jpg</fanart>
</item>

<item>
	<title>The Insider (1999)</title>
	<meta>
		<content>movie</content>
		<imdb>tt0140352</imdb>
		<title>The Insider</title>
		<year>1999</year>
	</meta>
	<link>
		<sublink>search</sublink>
		<sublink>searchsd</sublink>
	</link>
	<thumbnail>https://image.tmdb.org/t/p/w1280/sYQsmMl4oG56NtFaNkDxuJhhODa.jpg</thumbnail>
	<fanart>https://image.tmdb.org/t/p/w1280/7oq51chQ7MW7RVKqhL4ivxhrwGf.jpg</fanart>
</item>

<item>
	<title>The Intouchables (2011)</title>
	<meta>
		<content>movie</content>
		<imdb>tt1675434</imdb>
		<title>The Intouchables</title>
		<year>2011</year>
	</meta>
	<link>
		<sublink>search</sublink>
		<sublink>searchsd</sublink>
	</link>
	<thumbnail>https://image.tmdb.org/t/p/w1280/4mFsNQwbD0F237Tx7gAPotd0nbJ.jpg</thumbnail>
	<fanart>https://image.tmdb.org/t/p/w1280/ihWaJZCUIon2dXcosjQG2JHJAPN.jpg</fanart>
</item>

<item>
	<title>The Island (2005)</title>
	<meta>
		<content>movie</content>
		<imdb>tt0399201</imdb>
		<title>The Island</title>
		<year>2005</year>
	</meta>
	<link>
		<sublink>search</sublink>
		<sublink>searchsd</sublink>
	</link>
	<thumbnail>https://image.tmdb.org/t/p/w1280/zE9OTe7JvcX1jyFXs0GEL2f3RkZ.jpg</thumbnail>
	<fanart>https://image.tmdb.org/t/p/w1280/7gckgf6lmlKsjtkmS8O0oT3iEev.jpg</fanart>
</item>

<item>
	<title>The King's Speech (2010)</title>
	<meta>
		<content>movie</content>
		<imdb>tt1504320</imdb>
		<title>The King's Speech</title>
		<year>2010</year>
	</meta>
	<link>
		<sublink>search</sublink>
		<sublink>searchsd</sublink>
	</link>
	<thumbnail>https://image.tmdb.org/t/p/w1280/nkFTbA1XjKWo9LCTaV1hV2Lsgr1.jpg</thumbnail>
	<fanart>https://image.tmdb.org/t/p/w1280/pJnU0JArW4aLcOoS9u2vQHDGJpK.jpg</fanart>
</item>

<item>
	<title>The Life of David Gale (2003)</title>
	<meta>
		<content>movie</content>
		<imdb>tt0289992</imdb>
		<title>The Life of David Gale</title>
		<year>2003</year>
	</meta>
	<link>
		<sublink>search</sublink>
		<sublink>searchsd</sublink>
	</link>
	<thumbnail>https://image.tmdb.org/t/p/w1280/pwwDzbmTErcUFUPCV2fGSlHm4WP.jpg</thumbnail>
	<fanart>https://image.tmdb.org/t/p/w1280/36EF5e1ZUJv6xnkOTm5s4vM33SC.jpg</fanart>
</item>

<item>
	<title>The Lion King (1994)</title>
	<meta>
		<content>movie</content>
		<imdb>tt0110357</imdb>
		<title>The Lion King</title>
		<year>1994</year>
	</meta>
	<link>
		<sublink>search</sublink>
		<sublink>searchsd</sublink>
	</link>
	<thumbnail>https://image.tmdb.org/t/p/w1280/sKCr78MXSLixwmZ8DyJLrpMsd15.jpg</thumbnail>
	<fanart>https://image.tmdb.org/t/p/w1280/kZ9CKeZeKMUtrjZ7RuArjVMTDF4.jpg</fanart>
</item>

<item>
	<title>The Lives of Others (2006)</title>
	<meta>
		<content>movie</content>
		<imdb>tt0405094</imdb>
		<title>The Lives of Others</title>
		<year>2006</year>
	</meta>
	<link>
		<sublink>search</sublink>
		<sublink>searchsd</sublink>
	</link>
	<thumbnail>https://image.tmdb.org/t/p/w1280/bzzDAg3fkztvfQB08VBprhs9tVE.jpg</thumbnail>
	<fanart>https://image.tmdb.org/t/p/w1280/mv0QPfuEgelDInFKoijLhsDxm2x.jpg</fanart>
</item>

<item>
	<title>The Lord of the Rings: The Fellowship of the Ring (2001)</title>
	<meta>
		<content>movie</content>
		<imdb>tt0120737</imdb>
		<title>The Lord of the Rings: The Fellowship of the Ring</title>
		<year>2001</year>
	</meta>
	<link>
		<sublink>search</sublink>
		<sublink>searchsd</sublink>
	</link>
	<thumbnail>https://image.tmdb.org/t/p/w1280/56zTpe2xvaA4alU51sRWPoKPYZy.jpg</thumbnail>
	<fanart>https://image.tmdb.org/t/p/w1280/pIUvQ9Ed35wlWhY2oU6OmwEsmzG.jpg</fanart>
</item>

<item>
	<title>The Lord of the Rings: The Return of the King (2003)</title>
	<meta>
		<content>movie</content>
		<imdb>tt0167260</imdb>
		<title>The Lord of the Rings: The Return of the King</title>
		<year>2003</year>
	</meta>
	<link>
		<sublink>search</sublink>
		<sublink>searchsd</sublink>
	</link>
	<thumbnail>https://image.tmdb.org/t/p/w1280/rCzpDGLbOoPwLjy3OAm5NUPOTrC.jpg</thumbnail>
	<fanart>https://image.tmdb.org/t/p/w1280/8BPZO0Bf8TeAy8znF43z8soK3ys.jpg</fanart>
</item>

<item>
	<title>The Lord of the Rings: The Two Towers (2002)</title>
	<meta>
		<content>movie</content>
		<imdb>tt0167261</imdb>
		<title>The Lord of the Rings: The Two Towers</title>
		<year>2002</year>
	</meta>
	<link>
		<sublink>search</sublink>
		<sublink>searchsd</sublink>
	</link>
	<thumbnail>https://image.tmdb.org/t/p/w1280/5VTN0pR8gcqV3EPUHHfMGnJYN9L.jpg</thumbnail>
	<fanart>https://image.tmdb.org/t/p/w1280/dG4BmM32XJmKiwopLDQmvXEhuHB.jpg</fanart>
</item>

<item>
	<title>The Machinist (2004)</title>
	<meta>
		<content>movie</content>
		<imdb>tt0361862</imdb>
		<title>The Machinist</title>
		<year>2004</year>
	</meta>
	<link>
		<sublink>search</sublink>
		<sublink>searchsd</sublink>
	</link>
	<thumbnail>https://image.tmdb.org/t/p/w1280/2tYr40n1ZjbMfYq20ieiAPsSe5.jpg</thumbnail>
	<fanart>https://image.tmdb.org/t/p/w1280/uqJKqddBjETEv4LsXCYLbHeIui7.jpg</fanart>
</item>

<item>
	<title>The Man Who Wasn't There (2001)</title>
	<meta>
		<content>movie</content>
		<imdb>tt0243133</imdb>
		<title>The Man Who Wasn't There</title>
		<year>2001</year>
	</meta>
	<link>
		<sublink>search</sublink>
		<sublink>searchsd</sublink>
	</link>
	<thumbnail>https://image.tmdb.org/t/p/w1280/x1K4OPGNNB9Ye9Ob2OcdBUIXUno.jpg</thumbnail>
	<fanart>https://image.tmdb.org/t/p/w1280/lDhsA4edjDf5ZZHQFTrn5pgOpEN.jpg</fanart>
</item>

<item>
	<title>The Matrix (1999)</title>
	<meta>
		<content>movie</content>
		<imdb>tt0133093</imdb>
		<title>The Matrix</title>
		<year>1999</year>
	</meta>
	<link>
		<sublink>search</sublink>
		<sublink>searchsd</sublink>
	</link>
	<thumbnail>https://image.tmdb.org/t/p/w1280/lZpWprJqbIFpEV5uoHfoK0KCnTW.jpg</thumbnail>
	<fanart>https://image.tmdb.org/t/p/w1280/icmmSD4vTTDKOq2vvdulafOGw93.jpg</fanart>
</item>

<item>
	<title>The Mechanic (2011)</title>
	<meta>
		<content>movie</content>
		<imdb>tt0472399</imdb>
		<title>The Mechanic</title>
		<year>2011</year>
	</meta>
	<link>
		<sublink>search</sublink>
		<sublink>searchsd</sublink>
	</link>
	<thumbnail>https://image.tmdb.org/t/p/w1280/eScKoGnjaUvGD2OkK3DImyzfVkt.jpg</thumbnail>
	<fanart>https://image.tmdb.org/t/p/w1280/fLMv873bBAvrCtzeAbRVjb4Mi9Y.jpg</fanart>
</item>

<item>
	<title>The Nightmare Before Christmas (1993)</title>
	<meta>
		<content>movie</content>
		<imdb>tt0107688</imdb>
		<title>The Nightmare Before Christmas</title>
		<year>1993</year>
	</meta>
	<link>
		<sublink>search</sublink>
		<sublink>searchsd</sublink>
	</link>
	<thumbnail>https://image.tmdb.org/t/p/w1280/6oxkO1VgKCq74fNILKAg6t2dVEt.jpg</thumbnail>
	<fanart>https://image.tmdb.org/t/p/w1280/16lk65YfrDFIr6evkWRjSeOOSws.jpg</fanart>
</item>

<item>
	<title>The Others (2001)</title>
	<meta>
		<content>movie</content>
		<imdb>tt0230600</imdb>
		<title>The Others</title>
		<year>2001</year>
	</meta>
	<link>
		<sublink>search</sublink>
		<sublink>searchsd</sublink>
	</link>
	<thumbnail>https://image.tmdb.org/t/p/w1280/k9GpVK2dyMMzjciQiMdoaL1WUlS.jpg</thumbnail>
	<fanart>https://image.tmdb.org/t/p/w1280/sLZULNJbQ4ZlomXzFIKKzqr4dte.jpg</fanart>
</item>

<item>
	<title>The Pianist (2002)</title>
	<meta>
		<content>movie</content>
		<imdb>tt0253474</imdb>
		<title>The Pianist</title>
		<year>2002</year>
	</meta>
	<link>
		<sublink>search</sublink>
		<sublink>searchsd</sublink>
	</link>
	<thumbnail>https://image.tmdb.org/t/p/w1280/hfMeo073RxKKjZZV4gSGema1yog.jpg</thumbnail>
	<fanart>https://image.tmdb.org/t/p/w1280/xUR95VFV1UTyzS1C8Lj06hi2n2M.jpg</fanart>
</item>

<item>
	<title>The Pledge (2001)</title>
	<meta>
		<content>movie</content>
		<imdb>tt0237572</imdb>
		<title>The Pledge</title>
		<year>I 2001</year>
	</meta>
	<link>
		<sublink>search</sublink>
		<sublink>searchsd</sublink>
	</link>
	<thumbnail>https://image.tmdb.org/t/p/w1280/1SLCUsNThBezrLcXHZ7j0t1wRY4.jpg</thumbnail>
	<fanart>https://image.tmdb.org/t/p/w1280/2ll6GTHjrEHLfEvW3i7MFF8T18x.jpg</fanart>
</item>

<item>
	<title>The Prestige (2006)</title>
	<meta>
		<content>movie</content>
		<imdb>tt0482571</imdb>
		<title>The Prestige</title>
		<year>2006</year>
	</meta>
	<link>
		<sublink>search</sublink>
		<sublink>searchsd</sublink>
	</link>
	<thumbnail>https://image.tmdb.org/t/p/w1280/5MXyQfz8xUP3dIFPTubhTsbFY6N.jpg</thumbnail>
	<fanart>https://image.tmdb.org/t/p/w1280/dsj7lnVsOGq4BfkCWAqIRs4kojk.jpg</fanart>
</item>

<item>
	<title>The Quiet American (2002)</title>
	<meta>
		<content>movie</content>
		<imdb>tt0258068</imdb>
		<title>The Quiet American</title>
		<year>2002</year>
	</meta>
	<link>
		<sublink>search</sublink>
		<sublink>searchsd</sublink>
	</link>
	<thumbnail>https://image.tmdb.org/t/p/w1280/v5C4z1tX7QOQMP9eHLcUC1rs4ud.jpg</thumbnail>
	<fanart>https://image.tmdb.org/t/p/w1280/bRXRKvPERXt7lLEx9gVKMsCZF9A.jpg</fanart>
</item>

<item>
	<title>The Reader (2008)</title>
	<meta>
		<content>movie</content>
		<imdb>tt0976051</imdb>
		<title>The Reader</title>
		<year>2008</year>
	</meta>
	<link>
		<sublink>search</sublink>
		<sublink>searchsd</sublink>
	</link>
	<thumbnail>https://image.tmdb.org/t/p/w1280/mEqgCzhGO3gi9DkevgM7N6a5mY3.jpg</thumbnail>
	<fanart>https://image.tmdb.org/t/p/w1280/nsqs8dV3DBeheey1qqnbTD4LSHW.jpg</fanart>
</item>

<item>
	<title>The Score (2001)</title>
	<meta>
		<content>movie</content>
		<imdb>tt0227445</imdb>
		<title>The Score</title>
		<year>2001</year>
	</meta>
	<link>
		<sublink>search</sublink>
		<sublink>searchsd</sublink>
	</link>
	<thumbnail>https://image.tmdb.org/t/p/w1280/8d9HG9An0WOPNQywo99QyEptLHz.jpg</thumbnail>
	<fanart>https://image.tmdb.org/t/p/w1280/cQ7y4GAwmDZAHev8IwOzA6Utr3z.jpg</fanart>
</item>

<item>
	<title>The Shawshank Redemption (1994)</title>
	<meta>
		<content>movie</content>
		<imdb>tt0111161</imdb>
		<title>The Shawshank Redemption</title>
		<year>1994</year>
	</meta>
	<link>
		<sublink>search</sublink>
		<sublink>searchsd</sublink>
	</link>
	<thumbnail>https://image.tmdb.org/t/p/w1280none</thumbnail>
	<fanart>https://image.tmdb.org/t/p/w1280none</fanart>
</item>

<item>
	<title>The Shining (1980)</title>
	<meta>
		<content>movie</content>
		<imdb>tt0081505</imdb>
		<title>The Shining</title>
		<year>1980</year>
	</meta>
	<link>
		<sublink>search</sublink>
		<sublink>searchsd</sublink>
	</link>
	<thumbnail>https://image.tmdb.org/t/p/w1280none</thumbnail>
	<fanart>https://image.tmdb.org/t/p/w1280none</fanart>
</item>

<item>
	<title>The Silence of the Lambs (1991)</title>
	<meta>
		<content>movie</content>
		<imdb>tt0102926</imdb>
		<title>The Silence of the Lambs</title>
		<year>1991</year>
	</meta>
	<link>
		<sublink>search</sublink>
		<sublink>searchsd</sublink>
	</link>
	<thumbnail>https://image.tmdb.org/t/p/w1280none</thumbnail>
	<fanart>https://image.tmdb.org/t/p/w1280none</fanart>
</item>

<item>
	<title>The Sixth Sense (1999)</title>
	<meta>
		<content>movie</content>
		<imdb>tt0167404</imdb>
		<title>The Sixth Sense</title>
		<year>1999</year>
	</meta>
	<link>
		<sublink>search</sublink>
		<sublink>searchsd</sublink>
	</link>
	<thumbnail>https://image.tmdb.org/t/p/w1280none</thumbnail>
	<fanart>https://image.tmdb.org/t/p/w1280none</fanart>
</item>

<item>
	<title>The Social Network (2010)</title>
	<meta>
		<content>movie</content>
		<imdb>tt1285016</imdb>
		<title>The Social Network</title>
		<year>2010</year>
	</meta>
	<link>
		<sublink>search</sublink>
		<sublink>searchsd</sublink>
	</link>
	<thumbnail>https://image.tmdb.org/t/p/w1280none</thumbnail>
	<fanart>https://image.tmdb.org/t/p/w1280none</fanart>
</item>

<item>
	<title>The Talented Mr. Ripley (1999)</title>
	<meta>
		<content>movie</content>
		<imdb>tt0134119</imdb>
		<title>The Talented Mr. Ripley</title>
		<year>1999</year>
	</meta>
	<link>
		<sublink>search</sublink>
		<sublink>searchsd</sublink>
	</link>
	<thumbnail>https://image.tmdb.org/t/p/w1280/uprzxfRlR9mifUDZYo3js5qOt07.jpg</thumbnail>
	<fanart>https://image.tmdb.org/t/p/w1280/pOm4IfypKwWUKjM5G2SZ2HSrJyM.jpg</fanart>
</item>

<item>
	<title>The Terminator (1984)</title>
	<meta>
		<content>movie</content>
		<imdb>tt0088247</imdb>
		<title>The Terminator</title>
		<year>1984</year>
	</meta>
	<link>
		<sublink>search</sublink>
		<sublink>searchsd</sublink>
	</link>
	<thumbnail>https://image.tmdb.org/t/p/w1280/q8ffBuxQlYOHrvPniLgCbmKK4Lv.jpg</thumbnail>
	<fanart>https://image.tmdb.org/t/p/w1280/6yFoLNQgFdVbA8TZMdfgVpszOla.jpg</fanart>
</item>

<item>
	<title>The Texas Chain Saw Massacre (1974)</title>
	<meta>
		<content>movie</content>
		<imdb>tt0072271</imdb>
		<title>The Texas Chain Saw Massacre</title>
		<year>1974</year>
	</meta>
	<link>
		<sublink>search</sublink>
		<sublink>searchsd</sublink>
	</link>
	<thumbnail>https://image.tmdb.org/t/p/w1280/9s8uSm5K1W0vhGPHv2icM6SFib8.jpg</thumbnail>
	<fanart>https://image.tmdb.org/t/p/w1280/sOw7TZzt3vRQXXCrwdspSHwCJDR.jpg</fanart>
</item>

<item>
	<title>The Thin Red Line (1998)</title>
	<meta>
		<content>movie</content>
		<imdb>tt0120863</imdb>
		<title>The Thin Red Line</title>
		<year>1998</year>
	</meta>
	<link>
		<sublink>search</sublink>
		<sublink>searchsd</sublink>
	</link>
	<thumbnail>https://image.tmdb.org/t/p/w1280/g4ApW90svay7veAPgxU8OsNMEOB.jpg</thumbnail>
	<fanart>https://image.tmdb.org/t/p/w1280/sn0HQZthLpYamYb8VSPbEAWT4kF.jpg</fanart>
</item>

<item>
	<title>The Thing (1982)</title>
	<meta>
		<content>movie</content>
		<imdb>tt0084787</imdb>
		<title>The Thing</title>
		<year>1982</year>
	</meta>
	<link>
		<sublink>search</sublink>
		<sublink>searchsd</sublink>
	</link>
	<thumbnail>https://image.tmdb.org/t/p/w1280/tzGY49kseSE9QAKk47uuDGwnSCu.jpg</thumbnail>
	<fanart>https://image.tmdb.org/t/p/w1280/7mdGrxp3ZL2OqNSrQ5LoYySi5MH.jpg</fanart>
</item>

<item>
	<title>The Truman Show (1998)</title>
	<meta>
		<content>movie</content>
		<imdb>tt0120382</imdb>
		<title>The Truman Show</title>
		<year>1998</year>
	</meta>
	<link>
		<sublink>search</sublink>
		<sublink>searchsd</sublink>
	</link>
	<thumbnail>https://image.tmdb.org/t/p/w1280/EelZzudHRvJmjWccWscN1S5vmI.jpg</thumbnail>
	<fanart>https://image.tmdb.org/t/p/w1280/yw93TFk5L6jZ43yMGitll8CHa6m.jpg</fanart>
</item>

<item>
	<title>The Untouchables (1987)</title>
	<meta>
		<content>movie</content>
		<imdb>tt0094226</imdb>
		<title>The Untouchables</title>
		<year>1987</year>
	</meta>
	<link>
		<sublink>search</sublink>
		<sublink>searchsd</sublink>
	</link>
	<thumbnail>https://image.tmdb.org/t/p/w1280/bDcqwNTwhEDfQHFj7jpt18N6Giz.jpg</thumbnail>
	<fanart>https://image.tmdb.org/t/p/w1280/4cJv0cghFaJfepzGdOyqeNaJWYb.jpg</fanart>
</item>

<item>
	<title>The Usual Suspects (1995)</title>
	<meta>
		<content>movie</content>
		<imdb>tt0114814</imdb>
		<title>The Usual Suspects</title>
		<year>1995</year>
	</meta>
	<link>
		<sublink>search</sublink>
		<sublink>searchsd</sublink>
	</link>
	<thumbnail>https://image.tmdb.org/t/p/w1280/jgJoRWltoS17nD5MAQ1yK2Ztefw.jpg</thumbnail>
	<fanart>https://image.tmdb.org/t/p/w1280/c7e3nH3wtSBDrHRB63onrGptl6D.jpg</fanart>
</item>

<item>
	<title>The Virgin Suicides (1999)</title>
	<meta>
		<content>movie</content>
		<imdb>tt0159097</imdb>
		<title>The Virgin Suicides</title>
		<year>1999</year>
	</meta>
	<link>
		<sublink>search</sublink>
		<sublink>searchsd</sublink>
	</link>
	<thumbnail>https://image.tmdb.org/t/p/w1280/u62r1a2tPsjR6fAS8X4w7qMCuUv.jpg</thumbnail>
	<fanart>https://image.tmdb.org/t/p/w1280/6b6UpsOXmjO8mJKYsGTG9HW49CN.jpg</fanart>
</item>

<item>
	<title>The Visitor (2007)</title>
	<meta>
		<content>movie</content>
		<imdb>tt0857191</imdb>
		<title>The Visitor</title>
		<year>I 2007</year>
	</meta>
	<link>
		<sublink>search</sublink>
		<sublink>searchsd</sublink>
	</link>
	<thumbnail>https://image.tmdb.org/t/p/w1280/9Xwwu1bSMfVEo6VTSVnJ6KI6Rnk.jpg</thumbnail>
	<fanart>https://image.tmdb.org/t/p/w1280/hPo8UlzeOedcU9Q58l6GYssJGjR.jpg</fanart>
</item>

<item>
	<title>The Wrestler (2008)</title>
	<meta>
		<content>movie</content>
		<imdb>tt1125849</imdb>
		<title>The Wrestler</title>
		<year>2008</year>
	</meta>
	<link>
		<sublink>search</sublink>
		<sublink>searchsd</sublink>
	</link>
	<thumbnail>https://image.tmdb.org/t/p/w1280/qybnVuw9E4Sqwqa9LI0HeuNpH15.jpg</thumbnail>
	<fanart>https://image.tmdb.org/t/p/w1280/8wQHJczZQxUfv3Tnk7sbYCGW5Vl.jpg</fanart>
</item>

<item>
	<title>Thelma & Louise (1991)</title>
	<meta>
		<content>movie</content>
		<imdb>tt0103074</imdb>
		<title>Thelma & Louise</title>
		<year>1991</year>
	</meta>
	<link>
		<sublink>search</sublink>
		<sublink>searchsd</sublink>
	</link>
	<thumbnail>https://image.tmdb.org/t/p/w1280/pnzuLoE52EiTfjfqRex2uTkH7LB.jpg</thumbnail>
	<fanart>https://image.tmdb.org/t/p/w1280/zfP8YjI0ODMX8v0ZHHIFxCTJBCm.jpg</fanart>
</item>

<item>
	<title>There Will Be Blood (2007)</title>
	<meta>
		<content>movie</content>
		<imdb>tt0469494</imdb>
		<title>There Will Be Blood</title>
		<year>2007</year>
	</meta>
	<link>
		<sublink>search</sublink>
		<sublink>searchsd</sublink>
	</link>
	<thumbnail>https://image.tmdb.org/t/p/w1280/bFgqkuAFBHNuq0oTtewHwuLVWSO.jpg</thumbnail>
	<fanart>https://image.tmdb.org/t/p/w1280/rV9hascFIkEKKtiKONPTHSzyCgi.jpg</fanart>
</item>

<item>
	<title>They Live (1988)</title>
	<meta>
		<content>movie</content>
		<imdb>tt0096256</imdb>
		<title>They Live</title>
		<year>1988</year>
	</meta>
	<link>
		<sublink>search</sublink>
		<sublink>searchsd</sublink>
	</link>
	<thumbnail>https://image.tmdb.org/t/p/w1280/8N8BnBGwgsxXXwZ2q9eVFFIKFL1.jpg</thumbnail>
	<fanart>https://image.tmdb.org/t/p/w1280/i0kj8aVTZGKlOOjeAZkZprCEfGG.jpg</fanart>
</item>

<item>
	<title>Tinker Tailor Soldier Spy (2011)</title>
	<meta>
		<content>movie</content>
		<imdb>tt1340800</imdb>
		<title>Tinker Tailor Soldier Spy</title>
		<year>2011</year>
	</meta>
	<link>
		<sublink>search</sublink>
		<sublink>searchsd</sublink>
	</link>
	<thumbnail>https://image.tmdb.org/t/p/w1280/2N3P730TYXEcNL0BO8WBuMc6yJz.jpg</thumbnail>
	<fanart>https://image.tmdb.org/t/p/w1280/bqpGceqQuHbtnjEqUG9acSYIVIh.jpg</fanart>
</item>

<item>
	<title>Titanic (1997)</title>
	<meta>
		<content>movie</content>
		<imdb>tt0120338</imdb>
		<title>Titanic</title>
		<year>1997</year>
	</meta>
	<link>
		<sublink>search</sublink>
		<sublink>searchsd</sublink>
	</link>
	<thumbnail>https://image.tmdb.org/t/p/w1280/kHXEpyfl6zqn8a6YuozZUujufXf.jpg</thumbnail>
	<fanart>https://image.tmdb.org/t/p/w1280/xqQztbT6KlPLQLlRtNHoXivEMZA.jpg</fanart>
</item>

<item>
	<title>Tillsammans (2000)</title>
	<meta>
		<content>movie</content>
		<imdb>tt0203166</imdb>
		<title>Tillsammans</title>
		<year>2000</year>
	</meta>
	<link>
		<sublink>search</sublink>
		<sublink>searchsd</sublink>
	</link>
	<thumbnail>https://image.tmdb.org/t/p/w1280/y6yk8fNyfXMJcviD6zxZE2qC0lJ.jpg</thumbnail>
	<fanart>https://image.tmdb.org/t/p/w1280/gJE5FIo7qiSLcbErQP5p3pWAcqq.jpg</fanart>
</item>

<item>
	<title>Total Recall (1990)</title>
	<meta>
		<content>movie</content>
		<imdb>tt0100802</imdb>
		<title>Total Recall</title>
		<year>1990</year>
	</meta>
	<link>
		<sublink>search</sublink>
		<sublink>searchsd</sublink>
	</link>
	<thumbnail>https://image.tmdb.org/t/p/w1280/ikYpJ0AjGBNnAYFnPJDUVIOcduR.jpg</thumbnail>
	<fanart>https://image.tmdb.org/t/p/w1280/qoYaqN9XXrdjKcviJeWVQNcotfK.jpg</fanart>
</item>

<item>
	<title>Traffic (2000)</title>
	<meta>
		<content>movie</content>
		<imdb>tt0181865</imdb>
		<title>Traffic</title>
		<year>2000</year>
	</meta>
	<link>
		<sublink>search</sublink>
		<sublink>searchsd</sublink>
	</link>
	<thumbnail>https://image.tmdb.org/t/p/w1280/9qPLd5hdXIlrAyknVWK38eZyUMo.jpg</thumbnail>
	<fanart>https://image.tmdb.org/t/p/w1280/ivAC8eZkzKoTf8EWQh7pkFD0AGS.jpg</fanart>
</item>

<item>
	<title>Training Day (2001)</title>
	<meta>
		<content>movie</content>
		<imdb>tt0139654</imdb>
		<title>Training Day</title>
		<year>2001</year>
	</meta>
	<link>
		<sublink>search</sublink>
		<sublink>searchsd</sublink>
	</link>
	<thumbnail>https://image.tmdb.org/t/p/w1280/sDT2biSB7wzBJdXq9o3ldr7VfvY.jpg</thumbnail>
	<fanart>https://image.tmdb.org/t/p/w1280/A1S9fBzc4Wepc6onnCd9eVR2FLp.jpg</fanart>
</item>

<item>
	<title>Trainspotting (1996)</title>
	<meta>
		<content>movie</content>
		<imdb>tt0117951</imdb>
		<title>Trainspotting</title>
		<year>1996</year>
	</meta>
	<link>
		<sublink>search</sublink>
		<sublink>searchsd</sublink>
	</link>
	<thumbnail>https://image.tmdb.org/t/p/w1280/p1O3eFsdb0GEIYu87xlwV7P4jM1.jpg</thumbnail>
	<fanart>https://image.tmdb.org/t/p/w1280/Aw0z8bUhGljT0ots6udf1MTLEMi.jpg</fanart>
</item>

<item>
	<title>Trance (2013)</title>
	<meta>
		<content>movie</content>
		<imdb>tt1924429</imdb>
		<title>Trance</title>
		<year>I 2013</year>
	</meta>
	<link>
		<sublink>search</sublink>
		<sublink>searchsd</sublink>
	</link>
	<thumbnail>https://image.tmdb.org/t/p/w1280/cr1vVtymoiW23ETEycUgiAZYMur.jpg</thumbnail>
	<fanart>https://image.tmdb.org/t/p/w1280/bsa7cusK4Uw7wX7szy8ilXiJavN.jpg</fanart>
</item>

<item>
	<title>True Romance (1993)</title>
	<meta>
		<content>movie</content>
		<imdb>tt0108399</imdb>
		<title>True Romance</title>
		<year>1993</year>
	</meta>
	<link>
		<sublink>search</sublink>
		<sublink>searchsd</sublink>
	</link>
	<thumbnail>https://image.tmdb.org/t/p/w1280/xBO8R3CZfrJ9rrwrZoJ68PgJyAR.jpg</thumbnail>
	<fanart>https://image.tmdb.org/t/p/w1280/f0qqTEyVmmztypEMV3THRdnBjFj.jpg</fanart>
</item>

<item>
	<title>Twelve Monkeys (1995)</title>
	<meta>
		<content>movie</content>
		<imdb>tt0114746</imdb>
		<title>Twelve Monkeys</title>
		<year>1995</year>
	</meta>
	<link>
		<sublink>search</sublink>
		<sublink>searchsd</sublink>
	</link>
	<thumbnail>https://image.tmdb.org/t/p/w1280/6Sj9wDu3YugthXsU0Vry5XFAZGg.jpg</thumbnail>
	<fanart>https://image.tmdb.org/t/p/w1280/6KXbhaxkgExC5EdDqAzRinhmoZ8.jpg</fanart>
</item>

<item>
	<title>Unbreakable (2000)</title>
	<meta>
		<content>movie</content>
		<imdb>tt0217869</imdb>
		<title>Unbreakable</title>
		<year>2000</year>
	</meta>
	<link>
		<sublink>search</sublink>
		<sublink>searchsd</sublink>
	</link>
	<thumbnail>https://image.tmdb.org/t/p/w1280/pvL37V88plePxFSszCbV3wRHiBm.jpg</thumbnail>
	<fanart>https://image.tmdb.org/t/p/w1280/fhlqvfWMoNKmwsh1kF4NG6uQwGj.jpg</fanart>
</item>

<item>
	<title>Under the Tuscan Sun (2003)</title>
	<meta>
		<content>movie</content>
		<imdb>tt0328589</imdb>
		<title>Under the Tuscan Sun</title>
		<year>2003</year>
	</meta>
	<link>
		<sublink>search</sublink>
		<sublink>searchsd</sublink>
	</link>
	<thumbnail>https://image.tmdb.org/t/p/w1280/z5mqOKxS8R9mnzyRulIbMX0U6kG.jpg</thumbnail>
	<fanart>https://image.tmdb.org/t/p/w1280/rIAAfzmooIehwrmqVkXDBcBUFtt.jpg</fanart>
</item>

<item>
	<title>V for Vendetta (2005)</title>
	<meta>
		<content>movie</content>
		<imdb>tt0434409</imdb>
		<title>V for Vendetta</title>
		<year>2005</year>
	</meta>
	<link>
		<sublink>search</sublink>
		<sublink>searchsd</sublink>
	</link>
	<thumbnail>https://image.tmdb.org/t/p/w1280/AoGpqw4S4ZGgwhlM3FgzFVwyIGl.jpg</thumbnail>
	<fanart>https://image.tmdb.org/t/p/w1280/gcxpeba5CtUA8Jkwio8sNZyimEC.jpg</fanart>
</item>

<item>
	<title>Valkyrie (2008)</title>
	<meta>
		<content>movie</content>
		<imdb>tt0985699</imdb>
		<title>Valkyrie</title>
		<year>2008</year>
	</meta>
	<link>
		<sublink>search</sublink>
		<sublink>searchsd</sublink>
	</link>
	<thumbnail>https://image.tmdb.org/t/p/w1280/54GgkO63zZyJJb5Fk2CKvNIoUvr.jpg</thumbnail>
	<fanart>https://image.tmdb.org/t/p/w1280/ptNcTh2bewqzcV2qVpjDgsh6pTs.jpg</fanart>
</item>

<item>
	<title>Vera Drake (2004)</title>
	<meta>
		<content>movie</content>
		<imdb>tt0383694</imdb>
		<title>Vera Drake</title>
		<year>2004</year>
	</meta>
	<link>
		<sublink>search</sublink>
		<sublink>searchsd</sublink>
	</link>
	<thumbnail>https://image.tmdb.org/t/p/w1280/77hjGa27bYYHWjQcW3LRO87cT62.jpg</thumbnail>
	<fanart>https://image.tmdb.org/t/p/w1280/rBdNKAx17LQdGUlk8Kslv3bC8aa.jpg</fanart>
</item>

<item>
	<title>WALLE (2008)</title>
	<meta>
		<content>movie</content>
		<imdb>tt0910970</imdb>
		<title>WALLE</title>
		<year>2008</year>
	</meta>
	<link>
		<sublink>search</sublink>
		<sublink>searchsd</sublink>
	</link>
	<thumbnail>https://image.tmdb.org/t/p/w1280/9cJETuLMc6R0bTWRA5i7ctY9bxk.jpg</thumbnail>
	<fanart>https://image.tmdb.org/t/p/w1280/2nFyTvssbtJMLC6eyYwwZ88gALD.jpg</fanart>
</item>

<item>
	<title>Walk the Line (2005)</title>
	<meta>
		<content>movie</content>
		<imdb>tt0358273</imdb>
		<title>Walk the Line</title>
		<year>2005</year>
	</meta>
	<link>
		<sublink>search</sublink>
		<sublink>searchsd</sublink>
	</link>
	<thumbnail>https://image.tmdb.org/t/p/w1280/wdxL3Zyh3O5MIbmsSiZEevJAjtQ.jpg</thumbnail>
	<fanart>https://image.tmdb.org/t/p/w1280/oT79THuFrcBzrhlf4fiCddwZBCQ.jpg</fanart>
</item>

<item>
	<title>Watchmen (2009)</title>
	<meta>
		<content>movie</content>
		<imdb>tt0409459</imdb>
		<title>Watchmen</title>
		<year>2009</year>
	</meta>
	<link>
		<sublink>search</sublink>
		<sublink>searchsd</sublink>
	</link>
	<thumbnail>https://image.tmdb.org/t/p/w1280none</thumbnail>
	<fanart>https://image.tmdb.org/t/p/w1280none</fanart>
</item>

<item>
	<title>What Lies Beneath (2000)</title>
	<meta>
		<content>movie</content>
		<imdb>tt0161081</imdb>
		<title>What Lies Beneath</title>
		<year>2000</year>
	</meta>
	<link>
		<sublink>search</sublink>
		<sublink>searchsd</sublink>
	</link>
	<thumbnail>https://image.tmdb.org/t/p/w1280none</thumbnail>
	<fanart>https://image.tmdb.org/t/p/w1280none</fanart>
</item>

<item>
	<title>What's Eating Gilbert Grape (1993)</title>
	<meta>
		<content>movie</content>
		<imdb>tt0108550</imdb>
		<title>What's Eating Gilbert Grape</title>
		<year>1993</year>
	</meta>
	<link>
		<sublink>search</sublink>
		<sublink>searchsd</sublink>
	</link>
	<thumbnail>https://image.tmdb.org/t/p/w1280none</thumbnail>
	<fanart>https://image.tmdb.org/t/p/w1280none</fanart>
</item>

<item>
	<title>Witness (1985)</title>
	<meta>
		<content>movie</content>
		<imdb>tt0090329</imdb>
		<title>Witness</title>
		<year>1985</year>
	</meta>
	<link>
		<sublink>search</sublink>
		<sublink>searchsd</sublink>
	</link>
	<thumbnail>https://image.tmdb.org/t/p/w1280/pQZa314NJP3ieMAj6CgPI1v7nUY.jpg</thumbnail>
	<fanart>https://image.tmdb.org/t/p/w1280/QHlIf8JgLDOMpEOeuraSKTTjkJ.jpg</fanart>
</item>

<item>
	<title>Wonder Boys (2000)</title>
	<meta>
		<content>movie</content>
		<imdb>tt0185014</imdb>
		<title>Wonder Boys</title>
		<year>2000</year>
	</meta>
	<link>
		<sublink>search</sublink>
		<sublink>searchsd</sublink>
	</link>
	<thumbnail>https://image.tmdb.org/t/p/w1280/aajFu5pK4YqBLKEkZzSBpJjoG68.jpg</thumbnail>
	<fanart>https://image.tmdb.org/t/p/w1280/v0JeytwjJlpbgXNzIZFtGzQ1los.jpg</fanart>
</item>

<item>
	<title>X-Men (2000)</title>
	<meta>
		<content>movie</content>
		<imdb>tt0120903</imdb>
		<title>X-Men</title>
		<year>2000</year>
	</meta>
	<link>
		<sublink>search</sublink>
		<sublink>searchsd</sublink>
	</link>
	<thumbnail>https://image.tmdb.org/t/p/w1280/hJ09SIDACUvRg3RLQRT2jUfDy7W.jpg</thumbnail>
	<fanart>https://image.tmdb.org/t/p/w1280/psgFJzsb6ae49PeWqINqGEIZZBt.jpg</fanart>
</item>

<item>
	<title>X-Men: Days of Future Past (2014)</title>
	<meta>
		<content>movie</content>
		<imdb>tt1877832</imdb>
		<title>X-Men: Days of Future Past</title>
		<year>2014</year>
	</meta>
	<link>
		<sublink>search</sublink>
		<sublink>searchsd</sublink>
	</link>
	<thumbnail>https://image.tmdb.org/t/p/w1280/pb1IURTkK5rImP9ZV83lxJO2us7.jpg</thumbnail>
	<fanart>https://image.tmdb.org/t/p/w1280/5kYj5EOQMFBFCdnk4X8KaFUfDVR.jpg</fanart>
</item>

<item>
	<title>Zero Dark Thirty (2012)</title>
	<meta>
		<content>movie</content>
		<imdb>tt1790885</imdb>
		<title>Zero Dark Thirty</title>
		<year>2012</year>
	</meta>
	<link>
		<sublink>search</sublink>
		<sublink>searchsd</sublink>
	</link>
	<thumbnail>https://image.tmdb.org/t/p/w1280/yg6IDNucLAEj7E5loTyTnUW2pgb.jpg</thumbnail>
	<fanart>https://image.tmdb.org/t/p/w1280/zy5hyStEkQyjZgYtvKzJQBr7MpJ.jpg</fanart>
</item>

<item>
	<title>Zodiac (2007)</title>
	<meta>
		<content>movie</content>
		<imdb>tt0443706</imdb>
		<title>Zodiac</title>
		<year>2007</year>
	</meta>
	<link>
		<sublink>search</sublink>
		<sublink>searchsd</sublink>
	</link>
	<thumbnail>https://image.tmdb.org/t/p/w1280/bgLyOROfFQI3FqYL7jQbiaV8lkN.jpg</thumbnail>
	<fanart>https://image.tmdb.org/t/p/w1280/jP2htGBHE7vKq4MLeC75UeC0sZH.jpg</fanart>
</item>

<item>
	<title>Zombieland (2009)</title>
	<meta>
		<content>movie</content>
		<imdb>tt1156398</imdb>
		<title>Zombieland</title>
		<year>2009</year>
	</meta>
	<link>
		<sublink>search</sublink>
		<sublink>searchsd</sublink>
	</link>
	<thumbnail>https://image.tmdb.org/t/p/w1280/vUzzDpVrab1BOG3ogxhRGfLN94d.jpg</thumbnail>
	<fanart>https://image.tmdb.org/t/p/w1280/lLgLFzSZduH9kBxrk6BvoHc1gg0.jpg</fanart>
</item>
