
<item>
	<title>12 Years a Slave (2013)</title>
	<meta>
		<content>movie</content>
		<imdb>tt2024544</imdb>
		<title>12 Years a Slave</title>
		<year>2013</year>
	</meta>
	<link>
		<sublink>search</sublink>
		<sublink>searchsd</sublink>
	</link>
	<thumbnail>https://image.tmdb.org/t/p/w1280/kb3X943WMIJYVg4SOAyK0pmWL5D.jpg</thumbnail>
	<fanart>https://image.tmdb.org/t/p/w1280/3BY2I6iLunYRkkl8Hb3hZl8O9MQ.jpg</fanart>
</item>


<item>
	<title>21 Grams (2003)</title>
	<meta>
		<content>movie</content>
		<imdb>tt0315733</imdb>
		<title>21 Grams</title>
		<year>2003</year>
	</meta>
	<link>
		<sublink>search</sublink>
		<sublink>searchsd</sublink>
	</link>
	<thumbnail>https://image.tmdb.org/t/p/w1280/Aps7GzrYiJZKHNT524Rsg4jaXej.jpg</thumbnail>
	<fanart>https://image.tmdb.org/t/p/w1280/lSPsevGgWT3Rqc9OMTyeEsZsOpf.jpg</fanart>
</item>

<item>
	<title>300 (2006)</title>
	<meta>
		<content>movie</content>
		<imdb>tt0416449</imdb>
		<title>300</title>
		<year>2006</year>
	</meta>
	<link>
		<sublink>search</sublink>
		<sublink>searchsd</sublink>
	</link>
	<thumbnail>https://image.tmdb.org/t/p/w1280/bYR8O1H1ZlME7Dm9ysfTYZnRDpw.jpg</thumbnail>
	<fanart>https://image.tmdb.org/t/p/w1280/gMzVgnh1nfEaep00EdMBuC6pYRa.jpg</fanart>
</item>

<item>
	<title>A Beautiful Mind (2001)</title>
	<meta>
		<content>movie</content>
		<imdb>tt0268978</imdb>
		<title>A Beautiful Mind</title>
		<year>2001</year>
	</meta>
	<link>
		<sublink>search</sublink>
		<sublink>searchsd</sublink>
	</link>
	<thumbnail>https://image.tmdb.org/t/p/w1280/4SFqHDZ1NvWdysucWbgnYlobdxC.jpg</thumbnail>
	<fanart>https://image.tmdb.org/t/p/w1280/9PwUQZDHGPKsgbnoBl1Ah9zXWjk.jpg</fanart>
</item>

<item>
	<title>A History of Violence (2005)</title>
	<meta>
		<content>movie</content>
		<imdb>tt0399146</imdb>
		<title>A History of Violence</title>
		<year>2005</year>
	</meta>
	<link>
		<sublink>search</sublink>
		<sublink>searchsd</sublink>
	</link>
	<thumbnail>https://image.tmdb.org/t/p/w1280/mz1qCHXxTUJm2AqOdW3IIpwYdo3.jpg</thumbnail>
	<fanart>https://image.tmdb.org/t/p/w1280/8rbvmhGmUqEjLmo2mDycTazEaAc.jpg</fanart>
</item>

<item>
	<title>A Nightmare on Elm Street (1984)</title>
	<meta>
		<content>movie</content>
		<imdb>tt0087800</imdb>
		<title>A Nightmare on Elm Street</title>
		<year>1984</year>
	</meta>
	<link>
		<sublink>search</sublink>
		<sublink>searchsd</sublink>
	</link>
	<thumbnail>https://image.tmdb.org/t/p/w1280/sXFlyjfWv544uKOJmPd2vVsaFm9.jpg</thumbnail>
	<fanart>https://image.tmdb.org/t/p/w1280/67qMLI58HmQ5ArBsTVBxG4KHuRJ.jpg</fanart>
</item>

<item>
	<title>A Single Man (2009)</title>
	<meta>
		<content>movie</content>
		<imdb>tt1315981</imdb>
		<title>A Single Man</title>
		<year>2009</year>
	</meta>
	<link>
		<sublink>search</sublink>
		<sublink>searchsd</sublink>
	</link>
	<thumbnail>https://image.tmdb.org/t/p/w1280/eY2KXtuQG5YUsJxuuEKayzu7ISw.jpg</thumbnail>
	<fanart>https://image.tmdb.org/t/p/w1280/4rHZyoFxGxvkMNiLFEqwm19HCtc.jpg</fanart>
</item>

<item>
	<title>A Walk Among the Tombstones (2014)</title>
	<meta>
		<content>movie</content>
		<imdb>tt0365907</imdb>
		<title>A Walk Among the Tombstones</title>
		<year>2014</year>
	</meta>
	<link>
		<sublink>search</sublink>
		<sublink>searchsd</sublink>
	</link>
	<thumbnail>https://image.tmdb.org/t/p/w1280/xxe77USOk2tPnq7G4cL42gf1OxQ.jpg</thumbnail>
	<fanart>https://image.tmdb.org/t/p/w1280/e56QsaJy1weAUukiK2ZmIGVUALF.jpg</fanart>
</item>

<item>
	<title>Artificial Intelligence: AI (2001)</title>
	<meta>
		<content>movie</content>
		<imdb>tt0212720</imdb>
		<title>Artificial Intelligence: AI</title>
		<year>2001</year>
	</meta>
	<link>
		<sublink>search</sublink>
		<sublink>searchsd</sublink>
	</link>
	<thumbnail>https://image.tmdb.org/t/p/w1280/wnUAcUrMRGPPZUDroLeZhSjLkuu.jpg</thumbnail>
	<fanart>https://image.tmdb.org/t/p/w1280/idVdfyi51JtG7N5DPW6qeSankyV.jpg</fanart>
</item>

<item>
	<title>About Schmidt (2002)</title>
	<meta>
		<content>movie</content>
		<imdb>tt0257360</imdb>
		<title>About Schmidt</title>
		<year>2002</year>
	</meta>
	<link>
		<sublink>search</sublink>
		<sublink>searchsd</sublink>
	</link>
	<thumbnail>https://image.tmdb.org/t/p/w1280/riJV5Bq0IXItG3ceywNWkw7il7K.jpg</thumbnail>
	<fanart>https://image.tmdb.org/t/p/w1280/9LRbQB04w7yVzPP6uwkKoJPamUC.jpg</fanart>
</item>

<item>
	<title>Airplane! (1980)</title>
	<meta>
		<content>movie</content>
		<imdb>tt0080339</imdb>
		<title>Airplane!</title>
		<year>1980</year>
	</meta>
	<link>
		<sublink>search</sublink>
		<sublink>searchsd</sublink>
	</link>
	<thumbnail>https://image.tmdb.org/t/p/w1280/b4sAWNIbfXw4WTdc1wiVRBk2Vko.jpg</thumbnail>
	<fanart>https://image.tmdb.org/t/p/w1280/tFPvOmz0uNmfp1sq2ebYAeUCLQ4.jpg</fanart>
</item>

<item>
	<title>Alien (1979)</title>
	<meta>
		<content>movie</content>
		<imdb>tt0078748</imdb>
		<title>Alien</title>
		<year>1979</year>
	</meta>
	<link>
		<sublink>search</sublink>
		<sublink>searchsd</sublink>
	</link>
	<thumbnail>https://image.tmdb.org/t/p/w1280/2h00HrZs89SL3tXB4nbkiM7BKHs.jpg</thumbnail>
	<fanart>https://image.tmdb.org/t/p/w1280/dfNrZ82poQ8blHWJreIv6JZQ9JA.jpg</fanart>
</item>

<item>
	<title>Aliens (1986)</title>
	<meta>
		<content>movie</content>
		<imdb>tt0090605</imdb>
		<title>Aliens</title>
		<year>1986</year>
	</meta>
	<link>
		<sublink>search</sublink>
		<sublink>searchsd</sublink>
	</link>
	<thumbnail>https://image.tmdb.org/t/p/w1280/nORMXEkYEbzkU5WkMWMgRDJwjSZ.jpg</thumbnail>
	<fanart>https://image.tmdb.org/t/p/w1280/gXUdQLbo6eqaTby2cEjFQW1jyVV.jpg</fanart>
</item>

<item>
	<title>Alive (1993)</title>
	<meta>
		<content>movie</content>
		<imdb>tt0106246</imdb>
		<title>Alive</title>
		<year>1993</year>
	</meta>
	<link>
		<sublink>search</sublink>
		<sublink>searchsd</sublink>
	</link>
	<thumbnail>https://image.tmdb.org/t/p/w1280/l3DEAdm0XqrZVMbq2pvvQwux6qk.jpg</thumbnail>
	<fanart>https://image.tmdb.org/t/p/w1280/xptQX2dLzk2xZwk2IBJozlRweEh.jpg</fanart>
</item>

<item>
	<title>American Gangster (2007)</title>
	<meta>
		<content>movie</content>
		<imdb>tt0765429</imdb>
		<title>American Gangster</title>
		<year>2007</year>
	</meta>
	<link>
		<sublink>search</sublink>
		<sublink>searchsd</sublink>
	</link>
	<thumbnail>https://image.tmdb.org/t/p/w1280/uDSP5H5akJ85xMGSHRtaqHGBRLD.jpg</thumbnail>
	<fanart>https://image.tmdb.org/t/p/w1280/uSWzHRan14Kxe7AgbA43CSN1fXw.jpg</fanart>
</item>

<item>
	<title>American History X (1998)</title>
	<meta>
		<content>movie</content>
		<imdb>tt0120586</imdb>
		<title>American History X</title>
		<year>1998</year>
	</meta>
	<link>
		<sublink>search</sublink>
		<sublink>searchsd</sublink>
	</link>
	<thumbnail>https://image.tmdb.org/t/p/w1280/fXepRAYOx1qC3wju7XdDGx60775.jpg</thumbnail>
	<fanart>https://image.tmdb.org/t/p/w1280/i9A0UMFg1hI2kLyCCwnmSbpT2cd.jpg</fanart>
</item>

<item>
	<title>American Psycho (2000)</title>
	<meta>
		<content>movie</content>
		<imdb>tt0144084</imdb>
		<title>American Psycho</title>
		<year>2000</year>
	</meta>
	<link>
		<sublink>search</sublink>
		<sublink>searchsd</sublink>
	</link>
	<thumbnail>https://image.tmdb.org/t/p/w1280/qXsylPM4Lr5397R3eHrfqHhTUNc.jpg</thumbnail>
	<fanart>https://image.tmdb.org/t/p/w1280/2Tawvc0JMmR9nBXD3nhBThTQP2X.jpg</fanart>
</item>

<item>
	<title>Any Given Sunday (1999)</title>
	<meta>
		<content>movie</content>
		<imdb>tt0146838</imdb>
		<title>Any Given Sunday</title>
		<year>1999</year>
	</meta>
	<link>
		<sublink>search</sublink>
		<sublink>searchsd</sublink>
	</link>
	<thumbnail>https://image.tmdb.org/t/p/w1280/ofxxBtOoNRQD9yuiVIEo8sbsqkK.jpg</thumbnail>
	<fanart>https://image.tmdb.org/t/p/w1280/gocvJHE1ToiYI16QFNJSb1b79gS.jpg</fanart>
</item>

<item>
	<title>Apocalypse Now (1979)</title>
	<meta>
		<content>movie</content>
		<imdb>tt0078788</imdb>
		<title>Apocalypse Now</title>
		<year>1979</year>
	</meta>
	<link>
		<sublink>search</sublink>
		<sublink>searchsd</sublink>
	</link>
	<thumbnail>https://image.tmdb.org/t/p/w1280/jcvJ2xcVWU9Wh0hZAxcs103s8nN.jpg</thumbnail>
	<fanart>https://image.tmdb.org/t/p/w1280/fTuOyNf8GO6R9EthS7v9ZqokNMN.jpg</fanart>
</item>

<item>
	<title>Argo (2012)</title>
	<meta>
		<content>movie</content>
		<imdb>tt1024648</imdb>
		<title>Argo</title>
		<year>2012</year>
	</meta>
	<link>
		<sublink>search</sublink>
		<sublink>searchsd</sublink>
	</link>
	<thumbnail>https://image.tmdb.org/t/p/w1280/oai3xLBQHpIh18VJdRCcL7D0Yg0.jpg</thumbnail>
	<fanart>https://image.tmdb.org/t/p/w1280/iVk4mVKwNE66JbBcoDwcYFvuUXM.jpg</fanart>
</item>

<item>
	<title>Army of Darkness (1992)</title>
	<meta>
		<content>movie</content>
		<imdb>tt0106308</imdb>
		<title>Army of Darkness</title>
		<year>1992</year>
	</meta>
	<link>
		<sublink>search</sublink>
		<sublink>searchsd</sublink>
	</link>
	<thumbnail>https://image.tmdb.org/t/p/w1280/2eZKDIwLNnySbwqQtAaUz0kYDIL.jpg</thumbnail>
	<fanart>https://image.tmdb.org/t/p/w1280/5RPXs9g0sZ9Woo4pNLxdXdge7tc.jpg</fanart>
</item>

<item>
	<title>As Above, So Below (2014)</title>
	<meta>
		<content>movie</content>
		<imdb>tt2870612</imdb>
		<title>As Above, So Below</title>
		<year>2014</year>
	</meta>
	<link>
		<sublink>search</sublink>
		<sublink>searchsd</sublink>
	</link>
	<thumbnail>https://image.tmdb.org/t/p/w1280/rXhroOVTfR4Dde7Vci2L3FVGAZh.jpg</thumbnail>
	<fanart>https://image.tmdb.org/t/p/w1280/fXkTpGqBdznxDtwIusSTwDfG5qp.jpg</fanart>
</item>

<item>
	<title>As Good as It Gets (1997)</title>
	<meta>
		<content>movie</content>
		<imdb>tt0119822</imdb>
		<title>As Good as It Gets</title>
		<year>1997</year>
	</meta>
	<link>
		<sublink>search</sublink>
		<sublink>searchsd</sublink>
	</link>
	<thumbnail>https://image.tmdb.org/t/p/w1280/iQ8xiJmLsS0EoH3DhX0YdrbmRu3.jpg</thumbnail>
	<fanart>https://image.tmdb.org/t/p/w1280/lscw7D3OJn1myIlY2Z3mUqwo0UL.jpg</fanart>
</item>

<item>
	<title>Avatar (2009)</title>
	<meta>
		<content>movie</content>
		<imdb>tt0499549</imdb>
		<title>Avatar</title>
		<year>2009</year>
	</meta>
	<link>
		<sublink>search</sublink>
		<sublink>searchsd</sublink>
	</link>
	<thumbnail>https://image.tmdb.org/t/p/w1280none</thumbnail>
	<fanart>https://image.tmdb.org/t/p/w1280none</fanart>
</item>

<item>
	<title>Back to the Future (1985)</title>
	<meta>
		<content>movie</content>
		<imdb>tt0088763</imdb>
		<title>Back to the Future</title>
		<year>1985</year>
	</meta>
	<link>
		<sublink>search</sublink>
		<sublink>searchsd</sublink>
	</link>
	<thumbnail>https://image.tmdb.org/t/p/w1280none.jpg</thumbnail>
	<fanart>https://image.tmdb.org/t/p/w1280none</fanart>
</item>

<item>
	<title>Back to the Future Part II (1989)</title>
	<meta>
		<content>movie</content>
		<imdb>tt0096874</imdb>
		<title>Back to the Future Part II</title>
		<year>1989</year>
	</meta>
	<link>
		<sublink>search</sublink>
		<sublink>searchsd</sublink>
	</link>
	<thumbnail>https://image.tmdb.org/t/p/w1280/k5dzvCQkXU2CAhLtlj9BHE7xmyK.jpg</thumbnail>
	<fanart>https://image.tmdb.org/t/p/w1280/snLFUFzWUZCdYkAbhZlaGJxiY3I.jpg</fanart>
</item>

<item>
	<title>Basic Instinct (1992)</title>
	<meta>
		<content>movie</content>
		<imdb>tt0103772</imdb>
		<title>Basic Instinct</title>
		<year>1992</year>
	</meta>
	<link>
		<sublink>search</sublink>
		<sublink>searchsd</sublink>
	</link>
	<thumbnail>https://image.tmdb.org/t/p/w1280/p1DHOfLFZmM567ePKfFNMV4mY92.jpg</thumbnail>
	<fanart>https://image.tmdb.org/t/p/w1280/bKdxJMqvr4wltzAQaieA6CTkaa9.jpg</fanart>
</item>

<item>
	<title>Batman Begins (2005)</title>
	<meta>
		<content>movie</content>
		<imdb>tt0372784</imdb>
		<title>Batman Begins</title>
		<year>2005</year>
	</meta>
	<link>
		<sublink>search</sublink>
		<sublink>searchsd</sublink>
	</link>
	<thumbnail>https://image.tmdb.org/t/p/w1280/dr6x4GyyegBWtinPBzipY02J2lV.jpg</thumbnail>
	<fanart>https://image.tmdb.org/t/p/w1280/9myrRcegWGGp24mpVfkD4zhUfhi.jpg</fanart>
</item>

<item>
	<title>Being John Malkovich (1999)</title>
	<meta>
		<content>movie</content>
		<imdb>tt0120601</imdb>
		<title>Being John Malkovich</title>
		<year>1999</year>
	</meta>
	<link>
		<sublink>search</sublink>
		<sublink>searchsd</sublink>
	</link>
	<thumbnail>https://image.tmdb.org/t/p/w1280/8zkJyC4xImfnYJREDQTfW09m8A5.jpg</thumbnail>
	<fanart>https://image.tmdb.org/t/p/w1280/2duvg8bPkSKq5pekqzBgwyCYAxI.jpg</fanart>
</item>

<item>
	<title>Beverly Hills Cop (1984)</title>
	<meta>
		<content>movie</content>
		<imdb>tt0086960</imdb>
		<title>Beverly Hills Cop</title>
		<year>1984</year>
	</meta>
	<link>
		<sublink>search</sublink>
		<sublink>searchsd</sublink>
	</link>
	<thumbnail>https://image.tmdb.org/t/p/w1280/eEm00B2qO4j4gGH9PDg8dHvyApD.jpg</thumbnail>
	<fanart>https://image.tmdb.org/t/p/w1280/gmV4lsRAAtgdTysO3FwTxN8wevb.jpg</fanart>
</item>

<item>
	<title>Big Fish (2003)</title>
	<meta>
		<content>movie</content>
		<imdb>tt0319061</imdb>
		<title>Big Fish</title>
		<year>2003</year>
	</meta>
	<link>
		<sublink>search</sublink>
		<sublink>searchsd</sublink>
	</link>
	<thumbnail>https://image.tmdb.org/t/p/w1280/6DRFdlNZpAaEt7eejsbAlJGgaM7.jpg</thumbnail>
	<fanart>https://image.tmdb.org/t/p/w1280/kK1rVmqk8pLTuK5ZE7eVdCSqqHL.jpg</fanart>
</item>

<item>
	<title>Billy Elliot (2000)</title>
	<meta>
		<content>movie</content>
		<imdb>tt0249462</imdb>
		<title>Billy Elliot</title>
		<year>2000</year>
	</meta>
	<link>
		<sublink>search</sublink>
		<sublink>searchsd</sublink>
	</link>
	<thumbnail>https://image.tmdb.org/t/p/w1280/6VaP1H3MOW5jdkWqS5Q1NapCOS6.jpg</thumbnail>
	<fanart>https://image.tmdb.org/t/p/w1280/vlnhKUvu335ZM8wSD27MaFHpNu2.jpg</fanart>
</item>

<item>
	<title>Black Hawk Down (2001)</title>
	<meta>
		<content>movie</content>
		<imdb>tt0265086</imdb>
		<title>Black Hawk Down</title>
		<year>2001</year>
	</meta>
	<link>
		<sublink>search</sublink>
		<sublink>searchsd</sublink>
	</link>
	<thumbnail>https://image.tmdb.org/t/p/w1280/yUzQ4r3q1Dy0bUAkMvUIwf0rPpR.jpg</thumbnail>
	<fanart>https://image.tmdb.org/t/p/w1280/7u2p0VxnhVMHzfSnxiwz5iD3EP7.jpg</fanart>
</item>

<item>
	<title>Black Swan (2010)</title>
	<meta>
		<content>movie</content>
		<imdb>tt0947798</imdb>
		<title>Black Swan</title>
		<year>2010</year>
	</meta>
	<link>
		<sublink>search</sublink>
		<sublink>searchsd</sublink>
	</link>
	<thumbnail>https://image.tmdb.org/t/p/w1280/dQ7uxvsVTspVIsqjfgQj8usJpwX.jpg</thumbnail>
	<fanart>https://image.tmdb.org/t/p/w1280/t8jFs6cOl1YVSfXXZivWtEb14tF.jpg</fanart>
</item>

<item>
	<title>Blade Runner (1982)</title>
	<meta>
		<content>movie</content>
		<imdb>tt0083658</imdb>
		<title>Blade Runner</title>
		<year>1982</year>
	</meta>
	<link>
		<sublink>search</sublink>
		<sublink>searchsd</sublink>
	</link>
	<thumbnail>https://image.tmdb.org/t/p/w1280/vfzE3pjE5G7G7kcZWrA3fnbZo7V.jpg</thumbnail>
	<fanart>https://image.tmdb.org/t/p/w1280/eIi3klFf7mp3oL5EEF4mLIDs26r.jpg</fanart>
</item>

<item>
	<title>Blood Diamond (2006)</title>
	<meta>
		<content>movie</content>
		<imdb>tt0450259</imdb>
		<title>Blood Diamond</title>
		<year>2006</year>
	</meta>
	<link>
		<sublink>search</sublink>
		<sublink>searchsd</sublink>
	</link>
	<thumbnail>https://image.tmdb.org/t/p/w1280/wRamTzV6udKaMXrspxqOuo02zk0.jpg</thumbnail>
	<fanart>https://image.tmdb.org/t/p/w1280/46y6EvnDveRFwtztyHVS0y2DipU.jpg</fanart>
</item>

<item>
	<title>Blue Velvet (1986)</title>
	<meta>
		<content>movie</content>
		<imdb>tt0090756</imdb>
		<title>Blue Velvet</title>
		<year>1986</year>
	</meta>
	<link>
		<sublink>search</sublink>
		<sublink>searchsd</sublink>
	</link>
	<thumbnail>https://image.tmdb.org/t/p/w1280/pxC4YsYIL4eSg1zDwrQQuxJegjA.jpg</thumbnail>
	<fanart>https://image.tmdb.org/t/p/w1280/5ESiCDqO1aMlELkk0vzqXIwOvGz.jpg</fanart>
</item>

<item>
	<title>Boogie Nights (1997)</title>
	<meta>
		<content>movie</content>
		<imdb>tt0118749</imdb>
		<title>Boogie Nights</title>
		<year>1997</year>
	</meta>
	<link>
		<sublink>search</sublink>
		<sublink>searchsd</sublink>
	</link>
	<thumbnail>https://image.tmdb.org/t/p/w1280/gTq6MPt7SeMiJ2miHeMoNEZTz4p.jpg</thumbnail>
	<fanart>https://image.tmdb.org/t/p/w1280/uC54rlRdLMZ46fnrz5SoVYleNyv.jpg</fanart>
</item>

<item>
	<title>Born on the Fourth of July (1989)</title>
	<meta>
		<content>movie</content>
		<imdb>tt0096969</imdb>
		<title>Born on the Fourth of July</title>
		<year>1989</year>
	</meta>
	<link>
		<sublink>search</sublink>
		<sublink>searchsd</sublink>
	</link>
	<thumbnail>https://image.tmdb.org/t/p/w1280/iAUSzQNpxf9fX1EvhNbeguo6aVA.jpg</thumbnail>
	<fanart>https://image.tmdb.org/t/p/w1280/t9MrNY0xM9U5JSe5vHN9z08UYty.jpg</fanart>
</item>

<item>
	<title>Boys Don't Cry (1999)</title>
	<meta>
		<content>movie</content>
		<imdb>tt0171804</imdb>
		<title>Boys Don't Cry</title>
		<year>1999</year>
	</meta>
	<link>
		<sublink>search</sublink>
		<sublink>searchsd</sublink>
	</link>
	<thumbnail>https://image.tmdb.org/t/p/w1280/6bqIZTEuJnUrgnxcymciszvOz8J.jpg</thumbnail>
	<fanart>https://image.tmdb.org/t/p/w1280/nriBinb7Y3Bm6LdbmOC0mFxSm8d.jpg</fanart>
</item>

<item>
	<title>Braveheart (1995)</title>
	<meta>
		<content>movie</content>
		<imdb>tt0112573</imdb>
		<title>Braveheart</title>
		<year>1995</year>
	</meta>
	<link>
		<sublink>search</sublink>
		<sublink>searchsd</sublink>
	</link>
	<thumbnail>https://image.tmdb.org/t/p/w1280/2qAgGeYdLjelOEqjW9FYvPHpplC.jpg</thumbnail>
	<fanart>https://image.tmdb.org/t/p/w1280/7A3uAcB6KAScHcFw0giptE1mhAZ.jpg</fanart>
</item>

<item>
	<title>Breakdown (1997)</title>
	<meta>
		<content>movie</content>
		<imdb>tt0118771</imdb>
		<title>Breakdown</title>
		<year>I 1997</year>
	</meta>
	<link>
		<sublink>search</sublink>
		<sublink>searchsd</sublink>
	</link>
	<thumbnail>https://image.tmdb.org/t/p/w1280/uj5VmM4jrn3HHeuFfEH8XQizA2g.jpg</thumbnail>
	<fanart>https://image.tmdb.org/t/p/w1280/e86x1nXqfXRlqATuy60MmzFUFQr.jpg</fanart>
</item>

<item>
	<title>Broken Flowers (2005)</title>
	<meta>
		<content>movie</content>
		<imdb>tt0412019</imdb>
		<title>Broken Flowers</title>
		<year>2005</year>
	</meta>
	<link>
		<sublink>search</sublink>
		<sublink>searchsd</sublink>
	</link>
	<thumbnail>https://image.tmdb.org/t/p/w1280/pvtdRUpJE6YjIi8BLEZ7jhEdeN1.jpg</thumbnail>
	<fanart>https://image.tmdb.org/t/p/w1280/mQGEByVNnKiOVoAMDJ9KhvlCtgz.jpg</fanart>
</item>

<item>
	<title>Cape Fear (1991)</title>
	<meta>
		<content>movie</content>
		<imdb>tt0101540</imdb>
		<title>Cape Fear</title>
		<year>1991</year>
	</meta>
	<link>
		<sublink>search</sublink>
		<sublink>searchsd</sublink>
	</link>
	<thumbnail>https://image.tmdb.org/t/p/w1280/4KvrvcqckdupXXO2YnANtyG7QLK.jpg</thumbnail>
	<fanart>https://image.tmdb.org/t/p/w1280/zDVrWS9PzI0HJU1kyfO6UNsx9br.jpg</fanart>
</item>

<item>
	<title>Captain Phillips (2013)</title>
	<meta>
		<content>movie</content>
		<imdb>tt1535109</imdb>
		<title>Captain Phillips</title>
		<year>2013</year>
	</meta>
	<link>
		<sublink>search</sublink>
		<sublink>searchsd</sublink>
	</link>
	<thumbnail>https://image.tmdb.org/t/p/w1280/AnMTMPTUzeWNbYxzp29WqYf1br1.jpg</thumbnail>
	<fanart>https://image.tmdb.org/t/p/w1280/vsniZLsR7qt175WOvaqnr5r4AKc.jpg</fanart>
</item>

<item>
	<title>Carlito's Way (1993)</title>
	<meta>
		<content>movie</content>
		<imdb>tt0106519</imdb>
		<title>Carlito's Way</title>
		<year>1993</year>
	</meta>
	<link>
		<sublink>search</sublink>
		<sublink>searchsd</sublink>
	</link>
	<thumbnail>https://image.tmdb.org/t/p/w1280/tGPqPHuOCbyFxwllrYgKkPDu9xB.jpg</thumbnail>
	<fanart>https://image.tmdb.org/t/p/w1280/24e8tT3xTqjvk95Lqx6BzE49RfQ.jpg</fanart>
</item>

<item>
	<title>Carrie (1976)</title>
	<meta>
		<content>movie</content>
		<imdb>tt0074285</imdb>
		<title>Carrie</title>
		<year>1976</year>
	</meta>
	<link>
		<sublink>search</sublink>
		<sublink>searchsd</sublink>
	</link>
	<thumbnail>https://image.tmdb.org/t/p/w1280/n9JxLthRHwTWwu5OjFHVplkVSUg.jpg</thumbnail>
	<fanart>https://image.tmdb.org/t/p/w1280/zwJFfKQdfiptK2GY6N8GkZFrAxJ.jpg</fanart>
</item>

<item>
	<title>Casino (1995)</title>
	<meta>
		<content>movie</content>
		<imdb>tt0112641</imdb>
		<title>Casino</title>
		<year>1995</year>
	</meta>
	<link>
		<sublink>search</sublink>
		<sublink>searchsd</sublink>
	</link>
	<thumbnail>https://image.tmdb.org/t/p/w1280/jC0dqpkRMwh3A1X2PHahTxOaLbp.jpg</thumbnail>
	<fanart>https://image.tmdb.org/t/p/w1280/eP41pD4YfyVOjdpEaTmoNrL9DGx.jpg</fanart>
</item>

<item>
	<title>Casino Royale (2006)</title>
	<meta>
		<content>movie</content>
		<imdb>tt0381061</imdb>
		<title>Casino Royale</title>
		<year>2006</year>
	</meta>
	<link>
		<sublink>search</sublink>
		<sublink>searchsd</sublink>
	</link>
	<thumbnail>https://image.tmdb.org/t/p/w1280/zlWBxz2pTA9p45kUTrI8AQiKrHm.jpg</thumbnail>
	<fanart>https://image.tmdb.org/t/p/w1280/xq6hXdBpDPIXWjtmvbFmtLvBFJt.jpg</fanart>
</item>

<item>
	<title>Cast Away (2000)</title>
	<meta>
		<content>movie</content>
		<imdb>tt0162222</imdb>
		<title>Cast Away</title>
		<year>2000</year>
	</meta>
	<link>
		<sublink>search</sublink>
		<sublink>searchsd</sublink>
	</link>
	<thumbnail>https://image.tmdb.org/t/p/w1280/w515BrZvczKIxbHurG6HIiYYrba.jpg</thumbnail>
	<fanart>https://image.tmdb.org/t/p/w1280/frbW3kQXhVZPhceuQa1EqwZPXQr.jpg</fanart>
</item>

<item>
	<title>Catch Me If You Can (2002)</title>
	<meta>
		<content>movie</content>
		<imdb>tt0264464</imdb>
		<title>Catch Me If You Can</title>
		<year>2002</year>
	</meta>
	<link>
		<sublink>search</sublink>
		<sublink>searchsd</sublink>
	</link>
	<thumbnail>https://image.tmdb.org/t/p/w1280/MywWCQGJNUr5kivAQ7eseCG7rm.jpg</thumbnail>
	<fanart>https://image.tmdb.org/t/p/w1280/ei0BdAPDALPp21OEZqknG43WOmO.jpg</fanart>
</item>

<item>
	<title>Changeling (2008)</title>
	<meta>
		<content>movie</content>
		<imdb>tt0824747</imdb>
		<title>Changeling</title>
		<year>2008</year>
	</meta>
	<link>
		<sublink>search</sublink>
		<sublink>searchsd</sublink>
	</link>
	<thumbnail>https://image.tmdb.org/t/p/w1280/qtte2n6ygA1zVG5kLrjUGui28TJ.jpg</thumbnail>
	<fanart>https://image.tmdb.org/t/p/w1280/t4DO37tO3mhMX4DCdnI1EPsRi26.jpg</fanart>
</item>

<item>
	<title>Chicago (2002)</title>
	<meta>
		<content>movie</content>
		<imdb>tt0299658</imdb>
		<title>Chicago</title>
		<year>2002</year>
	</meta>
	<link>
		<sublink>search</sublink>
		<sublink>searchsd</sublink>
	</link>
	<thumbnail>https://image.tmdb.org/t/p/w1280/v1Sg3GuHDz9uhrKqYozOeCMLSpj.jpg</thumbnail>
	<fanart>https://image.tmdb.org/t/p/w1280/6r1KW8A4cXgN2pyc9EH2PfSG0LJ.jpg</fanart>
</item>

<item>
	<title>Children of Men (2006)</title>
	<meta>
		<content>movie</content>
		<imdb>tt0206634</imdb>
		<title>Children of Men</title>
		<year>2006</year>
	</meta>
	<link>
		<sublink>search</sublink>
		<sublink>searchsd</sublink>
	</link>
	<thumbnail>https://image.tmdb.org/t/p/w1280/gZ6i32Da76EUxta06GL2BxpC4Cn.jpg</thumbnail>
	<fanart>https://image.tmdb.org/t/p/w1280/c5jNuPA19oGiEmbh8iFeAi6aHMI.jpg</fanart>
</item>

<item>
	<title>Chocolat (2000)</title>
	<meta>
		<content>movie</content>
		<imdb>tt0241303</imdb>
		<title>Chocolat</title>
		<year>2000</year>
	</meta>
	<link>
		<sublink>search</sublink>
		<sublink>searchsd</sublink>
	</link>
	<thumbnail>https://image.tmdb.org/t/p/w1280/qVKYduwLJ5HjbeVVYqYPSAhWQqh.jpg</thumbnail>
	<fanart>https://image.tmdb.org/t/p/w1280/mUBjXjU43hhy5bHnpHztxSmiK40.jpg</fanart>
</item>

<item>
	<title>Cliffhanger (1993)</title>
	<meta>
		<content>movie</content>
		<imdb>tt0106582</imdb>
		<title>Cliffhanger</title>
		<year>1993</year>
	</meta>
	<link>
		<sublink>search</sublink>
		<sublink>searchsd</sublink>
	</link>
	<thumbnail>https://image.tmdb.org/t/p/w1280none</thumbnail>
	<fanart>https://image.tmdb.org/t/p/w1280none</fanart>
</item>

<item>
	<title>Closer (2004)</title>
	<meta>
		<content>movie</content>
		<imdb>tt0376541</imdb>
		<title>Closer</title>
		<year>I 2004</year>
	</meta>
	<link>
		<sublink>search</sublink>
		<sublink>searchsd</sublink>
	</link>
	<thumbnail>https://image.tmdb.org/t/p/w1280none</thumbnail>
	<fanart>https://image.tmdb.org/t/p/w1280none</fanart>
</item>

<item>
	<title>Corpse Bride (2005)</title>
	<meta>
		<content>movie</content>
		<imdb>tt0121164</imdb>
		<title>Corpse Bride</title>
		<year>2005</year>
	</meta>
	<link>
		<sublink>search</sublink>
		<sublink>searchsd</sublink>
	</link>
	<thumbnail>https://image.tmdb.org/t/p/w1280/o9GbcdP7rOg2m1NyUnUR3ZwNcTE.jpg</thumbnail>
	<fanart>https://image.tmdb.org/t/p/w1280/4brEMzPazQE3hv3mogj6k1a29RP.jpg</fanart>
</item>

<item>
	<title>Crash (2004)</title>
	<meta>
		<content>movie</content>
		<imdb>tt0375679</imdb>
		<title>Crash</title>
		<year>I 2004</year>
	</meta>
	<link>
		<sublink>search</sublink>
		<sublink>searchsd</sublink>
	</link>
	<thumbnail>https://image.tmdb.org/t/p/w1280/pG8LL4LYMCr5uikhx9rewrW8352.jpg</thumbnail>
	<fanart>https://image.tmdb.org/t/p/w1280/nvDo8teZGqlDeHxjWkM4RBf4YMO.jpg</fanart>
</item>

<item>
	<title>Cube (1997)</title>
	<meta>
		<content>movie</content>
		<imdb>tt0123755</imdb>
		<title>Cube</title>
		<year>1997</year>
	</meta>
	<link>
		<sublink>search</sublink>
		<sublink>searchsd</sublink>
	</link>
	<thumbnail>https://image.tmdb.org/t/p/w1280/u50r6chJGO2iqxVAvtQ07obiCkB.jpg</thumbnail>
	<fanart>https://image.tmdb.org/t/p/w1280/7BtMwHuHCgi0oE0SuITgfWOmPTu.jpg</fanart>
</item>

<item>
	<title>Dances with Wolves (1990)</title>
	<meta>
		<content>movie</content>
		<imdb>tt0099348</imdb>
		<title>Dances with Wolves</title>
		<year>1990</year>
	</meta>
	<link>
		<sublink>search</sublink>
		<sublink>searchsd</sublink>
	</link>
	<thumbnail>https://image.tmdb.org/t/p/w1280/uzMI1WbliKbXbjvdiDKnwb2ndsG.jpg</thumbnail>
	<fanart>https://image.tmdb.org/t/p/w1280/ifnRFDSlMdLFs9Xjem6WewM68GD.jpg</fanart>
</item>

<item>
	<title>Das Boot (1981)</title>
	<meta>
		<content>movie</content>
		<imdb>tt0082096</imdb>
		<title>Das Boot</title>
		<year>1981</year>
	</meta>
	<link>
		<sublink>search</sublink>
		<sublink>searchsd</sublink>
	</link>
	<thumbnail>https://image.tmdb.org/t/p/w1280/kI1rptTkqDWj6SBRsYwguBvPViT.jpg</thumbnail>
	<fanart>https://image.tmdb.org/t/p/w1280/mc0PbKrrFRCUEpI09reR3ihHrIo.jpg</fanart>
</item>

<item>
	<title>Dawn of the Dead (1978)</title>
	<meta>
		<content>movie</content>
		<imdb>tt0077402</imdb>
		<title>Dawn of the Dead</title>
		<year>1978</year>
	</meta>
	<link>
		<sublink>search</sublink>
		<sublink>searchsd</sublink>
	</link>
	<thumbnail>https://image.tmdb.org/t/p/w1280/yK8BmYEvd0IPpDXL6zzlTA2geDf.jpg</thumbnail>
	<fanart>https://image.tmdb.org/t/p/w1280/vCD9mRgSY4HuoSowm8JO4tm2mhj.jpg</fanart>
</item>

<item>
	<title>Braindead (1992)</title>
	<meta>
		<content>movie</content>
		<imdb>tt0103873</imdb>
		<title>Braindead</title>
		<year>1992</year>
	</meta>
	<link>
		<sublink>search</sublink>
		<sublink>searchsd</sublink>
	</link>
	<thumbnail>https://image.tmdb.org/t/p/w1280/zzgn2fBeKmIMDEuX7FqS2l1WGfu.jpg</thumbnail>
	<fanart>https://image.tmdb.org/t/p/w1280/3qgqAUA1JQT3o3CUxUhKQ3qZXBY.jpg</fanart>
</item>

<item>
	<title>Dead Calm (1989)</title>
	<meta>
		<content>movie</content>
		<imdb>tt0097162</imdb>
		<title>Dead Calm</title>
		<year>1989</year>
	</meta>
	<link>
		<sublink>search</sublink>
		<sublink>searchsd</sublink>
	</link>
	<thumbnail>https://image.tmdb.org/t/p/w1280/oA0rhf1ItxjMobrzjZG24uKAylU.jpg</thumbnail>
	<fanart>https://image.tmdb.org/t/p/w1280/lX2v3jvzK6hsisrWJrZxteahAAL.jpg</fanart>
</item>

<item>
	<title>Death Proof (2007)</title>
	<meta>
		<content>movie</content>
		<imdb>tt1028528</imdb>
		<title>Death Proof</title>
		<year>2007</year>
	</meta>
	<link>
		<sublink>search</sublink>
		<sublink>searchsd</sublink>
	</link>
	<thumbnail>https://image.tmdb.org/t/p/w1280/nyQBcpxqS4im2akQlWG9Y1oeM2V.jpg</thumbnail>
	<fanart>https://image.tmdb.org/t/p/w1280/lnxiNlbStoBT4CDMqPAdprS5pwN.jpg</fanart>
</item>

<item>
	<title>Deja Vu (2006)</title>
	<meta>
		<content>movie</content>
		<imdb>tt0453467</imdb>
		<title>Deja Vu</title>
		<year>2006</year>
	</meta>
	<link>
		<sublink>search</sublink>
		<sublink>searchsd</sublink>
	</link>
	<thumbnail>https://image.tmdb.org/t/p/w1280/abqvTL8xYQLgAtQGmyN7UxvCRGN.jpg</thumbnail>
	<fanart>https://image.tmdb.org/t/p/w1280/94Mb6dnCtmkqPmjFGucghp7UXda.jpg</fanart>
</item>

<item>
	<title>Despicable Me (2010)</title>
	<meta>
		<content>movie</content>
		<imdb>tt1323594</imdb>
		<title>Despicable Me</title>
		<year>2010</year>
	</meta>
	<link>
		<sublink>search</sublink>
		<sublink>searchsd</sublink>
	</link>
	<thumbnail>https://image.tmdb.org/t/p/w1280/4zHJhBSY4kNZXfhTlmy2TzXD51M.jpg</thumbnail>
	<fanart>https://image.tmdb.org/t/p/w1280/yo1ef57MEPkEE4BDZKTZGH9uDcX.jpg</fanart>
</item>

<item>
	<title>Die Hard (1988)</title>
	<meta>
		<content>movie</content>
		<imdb>tt0095016</imdb>
		<title>Die Hard</title>
		<year>1988</year>
	</meta>
	<link>
		<sublink>search</sublink>
		<sublink>searchsd</sublink>
	</link>
	<thumbnail>https://image.tmdb.org/t/p/w1280/mc7MubOLcIw3MDvnuQFrO9psfCa.jpg</thumbnail>
	<fanart>https://image.tmdb.org/t/p/w1280/eg049B1TJdWuKuyKowNmhZxNToc.jpg</fanart>
</item>

<item>
	<title>Die Hard 2 (1990)</title>
	<meta>
		<content>movie</content>
		<imdb>tt0099423</imdb>
		<title>Die Hard 2</title>
		<year>1990</year>
	</meta>
	<link>
		<sublink>search</sublink>
		<sublink>searchsd</sublink>
	</link>
	<thumbnail>https://image.tmdb.org/t/p/w1280/zSgL998DXaljsCmwQuwDM8Ak4rV.jpg</thumbnail>
	<fanart>https://image.tmdb.org/t/p/w1280/fgkgab4Rel0nOI3B3scHeNB4Mn6.jpg</fanart>
</item>

<item>
	<title>Die Hard: With a Vengeance (1995)</title>
	<meta>
		<content>movie</content>
		<imdb>tt0112864</imdb>
		<title>Die Hard: With a Vengeance</title>
		<year>1995</year>
	</meta>
	<link>
		<sublink>search</sublink>
		<sublink>searchsd</sublink>
	</link>
	<thumbnail>https://image.tmdb.org/t/p/w1280/ivpXGcsPZglyYrN65THWSD7JM3q.jpg</thumbnail>
	<fanart>https://image.tmdb.org/t/p/w1280/aJCEQFFXNcfg5YneJzTG15qzxF7.jpg</fanart>
</item>

<item>
	<title>District 9 (2009)</title>
	<meta>
		<content>movie</content>
		<imdb>tt1136608</imdb>
		<title>District 9</title>
		<year>2009</year>
	</meta>
	<link>
		<sublink>search</sublink>
		<sublink>searchsd</sublink>
	</link>
	<thumbnail>https://image.tmdb.org/t/p/w1280/axFmCRNQsW6Bto8XuJKo08MPPV5.jpg</thumbnail>
	<fanart>https://image.tmdb.org/t/p/w1280/yosGyMJ2CkavMSGx6PhcZO6kCAV.jpg</fanart>
</item>

<item>
	<title>Django Unchained (2012)</title>
	<meta>
		<content>movie</content>
		<imdb>tt1853728</imdb>
		<title>Django Unchained</title>
		<year>2012</year>
	</meta>
	<link>
		<sublink>search</sublink>
		<sublink>searchsd</sublink>
	</link>
	<thumbnail>https://image.tmdb.org/t/p/w1280/5WJnxuw41sddupf8cwOxYftuvJG.jpg</thumbnail>
	<fanart>https://image.tmdb.org/t/p/w1280/qUcmEqnzIwlwZxSyTf3WliSfAjJ.jpg</fanart>
</item>

<item>
	<title>Dogville (2003)</title>
	<meta>
		<content>movie</content>
		<imdb>tt0276919</imdb>
		<title>Dogville</title>
		<year>2003</year>
	</meta>
	<link>
		<sublink>search</sublink>
		<sublink>searchsd</sublink>
	</link>
	<thumbnail>https://image.tmdb.org/t/p/w1280/g1xLrof2RVgtHBB4fLvR5Xr8l5x.jpg</thumbnail>
	<fanart>https://image.tmdb.org/t/p/w1280/r3xsFBD1VTUusk393bBc7SsDUJe.jpg</fanart>
</item>

<item>
	<title>Donnie Brasco (1997)</title>
	<meta>
		<content>movie</content>
		<imdb>tt0119008</imdb>
		<title>Donnie Brasco</title>
		<year>1997</year>
	</meta>
	<link>
		<sublink>search</sublink>
		<sublink>searchsd</sublink>
	</link>
	<thumbnail>https://image.tmdb.org/t/p/w1280/xtKLvpOfARi1XVm8u2FTdhY5Piq.jpg</thumbnail>
	<fanart>https://image.tmdb.org/t/p/w1280/1aVNngSHPmcYYCXS0NaqpcbUo9M.jpg</fanart>
</item>

<item>
	<title>Donnie Darko (2001)</title>
	<meta>
		<content>movie</content>
		<imdb>tt0246578</imdb>
		<title>Donnie Darko</title>
		<year>2001</year>
	</meta>
	<link>
		<sublink>search</sublink>
		<sublink>searchsd</sublink>
	</link>
	<thumbnail>https://image.tmdb.org/t/p/w1280/dGcIsUfeatHYqgp9gX6KOcYT427.jpg</thumbnail>
	<fanart>https://image.tmdb.org/t/p/w1280/ld7huGVoyXAY6EsdAUeLh9QxAl6.jpg</fanart>
</item>

<item>
	<title>E.T. the Extra-Terrestrial (1982)</title>
	<meta>
		<content>movie</content>
		<imdb>tt0083866</imdb>
		<title>E.T. the Extra-Terrestrial</title>
		<year>1982</year>
	</meta>
	<link>
		<sublink>search</sublink>
		<sublink>searchsd</sublink>
	</link>
	<thumbnail>https://image.tmdb.org/t/p/w1280/8htLKK03TJjKZOXJgihZCu8v0P.jpg</thumbnail>
	<fanart>https://image.tmdb.org/t/p/w1280/tNpJuz8NEG0DsGG8SN0dL2kbCzs.jpg</fanart>
</item>

<item>
	<title>Eastern Promises (2007)</title>
	<meta>
		<content>movie</content>
		<imdb>tt0765443</imdb>
		<title>Eastern Promises</title>
		<year>2007</year>
	</meta>
	<link>
		<sublink>search</sublink>
		<sublink>searchsd</sublink>
	</link>
	<thumbnail>https://image.tmdb.org/t/p/w1280/AnYpxr2efiY1MEHGsSrwPF8pDFY.jpg</thumbnail>
	<fanart>https://image.tmdb.org/t/p/w1280/9KX4n538DJOXrvspKK5ZJI56RPt.jpg</fanart>
</item>

<item>
	<title>Eat Pray Love (2010)</title>
	<meta>
		<content>movie</content>
		<imdb>tt0879870</imdb>
		<title>Eat Pray Love</title>
		<year>2010</year>
	</meta>
	<link>
		<sublink>search</sublink>
		<sublink>searchsd</sublink>
	</link>
	<thumbnail>https://image.tmdb.org/t/p/w1280/s57E4AfPIU1fxwpGGRahk6A0DUl.jpg</thumbnail>
	<fanart>https://image.tmdb.org/t/p/w1280/2fwHVLvh6kdwCujsMwtNmwRJAf1.jpg</fanart>
</item>

<item>
	<title>Ed Wood (1994)</title>
	<meta>
		<content>movie</content>
		<imdb>tt0109707</imdb>
		<title>Ed Wood</title>
		<year>1994</year>
	</meta>
	<link>
		<sublink>search</sublink>
		<sublink>searchsd</sublink>
	</link>
	<thumbnail>https://image.tmdb.org/t/p/w1280/zeXBzwpr785X0luB97WNK6C5iNS.jpg</thumbnail>
	<fanart>https://image.tmdb.org/t/p/w1280/vFzFwlLIGiuAnKb8BVgS1EWWtwv.jpg</fanart>
</item>

<item>
	<title>Edward Scissorhands (1990)</title>
	<meta>
		<content>movie</content>
		<imdb>tt0099487</imdb>
		<title>Edward Scissorhands</title>
		<year>1990</year>
	</meta>
	<link>
		<sublink>search</sublink>
		<sublink>searchsd</sublink>
	</link>
	<thumbnail>https://image.tmdb.org/t/p/w1280/kgLTB53HinftRRwhft7yrUOclDC.jpg</thumbnail>
	<fanart>https://image.tmdb.org/t/p/w1280/jSL39cn3irkniMXthexHksr0ksA.jpg</fanart>
</item>

<item>
	<title>Enemy of the State (1998)</title>
	<meta>
		<content>movie</content>
		<imdb>tt0120660</imdb>
		<title>Enemy of the State</title>
		<year>1998</year>
	</meta>
	<link>
		<sublink>search</sublink>
		<sublink>searchsd</sublink>
	</link>
	<thumbnail>https://image.tmdb.org/t/p/w1280/2B0vLBo6gJbnzke4Enc77GCxKrz.jpg</thumbnail>
	<fanart>https://image.tmdb.org/t/p/w1280/5zIxXANoUCVMFu9YFhHejmnSmhY.jpg</fanart>
</item>

<item>
	<title>Escape Plan (2013)</title>
	<meta>
		<content>movie</content>
		<imdb>tt1211956</imdb>
		<title>Escape Plan</title>
		<year>2013</year>
	</meta>
	<link>
		<sublink>search</sublink>
		<sublink>searchsd</sublink>
	</link>
	<thumbnail>https://image.tmdb.org/t/p/w1280/j3XZwBeWgoAbVmkW3JyOme79I2e.jpg</thumbnail>
	<fanart>https://image.tmdb.org/t/p/w1280/lDmAQexExnvfKAG8fvx04ro6Ly4.jpg</fanart>
</item>

<item>
	<title>Eternal Sunshine of the Spotless Mind (2004)</title>
	<meta>
		<content>movie</content>
		<imdb>tt0338013</imdb>
		<title>Eternal Sunshine of the Spotless Mind</title>
		<year>2004</year>
	</meta>
	<link>
		<sublink>search</sublink>
		<sublink>searchsd</sublink>
	</link>
	<thumbnail>https://image.tmdb.org/t/p/w1280/7y3eYvTsGjxPYDtSnumCLIMDkrV.jpg</thumbnail>
	<fanart>https://image.tmdb.org/t/p/w1280/1dXTsaFxHoF9cas08UjAqE8NqOW.jpg</fanart>
</item>

<item>
	<title>Evil Dead II (1987)</title>
	<meta>
		<content>movie</content>
		<imdb>tt0092991</imdb>
		<title>Evil Dead II</title>
		<year>1987</year>
	</meta>
	<link>
		<sublink>search</sublink>
		<sublink>searchsd</sublink>
	</link>
	<thumbnail>https://image.tmdb.org/t/p/w1280/n49mpgUsPgBfRg2qIEj31HX0chu.jpg</thumbnail>
	<fanart>https://image.tmdb.org/t/p/w1280/9meXjIwJZk9aMMoMZk3AMzt8o44.jpg</fanart>
</item>

<item>
	<title>Exam (2009)</title>
	<meta>
		<content>movie</content>
		<imdb>tt1258197</imdb>
		<title>Exam</title>
		<year>2009</year>
	</meta>
	<link>
		<sublink>search</sublink>
		<sublink>searchsd</sublink>
	</link>
	<thumbnail>https://image.tmdb.org/t/p/w1280/i1J2zBCyOQJKsQipqJ0qXERC1Ma.jpg</thumbnail>
	<fanart>https://image.tmdb.org/t/p/w1280/AtLHKulhe6VTsnU3pe4i0As5zOb.jpg</fanart>
</item>

<item>
	<title>Face/Off (1997)</title>
	<meta>
		<content>movie</content>
		<imdb>tt0119094</imdb>
		<title>Face/Off</title>
		<year>1997</year>
	</meta>
	<link>
		<sublink>search</sublink>
		<sublink>searchsd</sublink>
	</link>
	<thumbnail>https://image.tmdb.org/t/p/w1280/q1i8QHiHZ1cukG5iOxai8pydmoa.jpg</thumbnail>
	<fanart>https://image.tmdb.org/t/p/w1280/siLeWQthKbUef4PKhR57BbReGnC.jpg</fanart>
</item>

<item>
	<title>Falling Down (1993)</title>
	<meta>
		<content>movie</content>
		<imdb>tt0106856</imdb>
		<title>Falling Down</title>
		<year>1993</year>
	</meta>
	<link>
		<sublink>search</sublink>
		<sublink>searchsd</sublink>
	</link>
	<thumbnail>https://image.tmdb.org/t/p/w1280/s6dnkgQmcaZQiU1omVkyBcrVERR.jpg</thumbnail>
	<fanart>https://image.tmdb.org/t/p/w1280/cS45swrlrTJijH1RblBLe8LlW2p.jpg</fanart>
</item>

<item>
	<title>Fargo (1996)</title>
	<meta>
		<content>movie</content>
		<imdb>tt0116282</imdb>
		<title>Fargo</title>
		<year>1996</year>
	</meta>
	<link>
		<sublink>search</sublink>
		<sublink>searchsd</sublink>
	</link>
	<thumbnail>https://image.tmdb.org/t/p/w1280/pyEkyYgtyjOX1R9EYyUcgbK1sTn.jpg</thumbnail>
	<fanart>https://image.tmdb.org/t/p/w1280/747dgDfL5d8esobk7h4odaOFhUq.jpg</fanart>
</item>

<item>
	<title>Fatal Attraction (1987)</title>
	<meta>
		<content>movie</content>
		<imdb>tt0093010</imdb>
		<title>Fatal Attraction</title>
		<year>1987</year>
	</meta>
	<link>
		<sublink>search</sublink>
		<sublink>searchsd</sublink>
	</link>
	<thumbnail>https://image.tmdb.org/t/p/w1280/qHditPFIFCbXJKGLTPzvIagg6XD.jpg</thumbnail>
	<fanart>https://image.tmdb.org/t/p/w1280/ywxDMuhqt705eeJiEQaLQrWEyhC.jpg</fanart>
</item>

<item>
	<title>Fear (1996)</title>
	<meta>
		<content>movie</content>
		<imdb>tt0116287</imdb>
		<title>Fear</title>
		<year>1996</year>
	</meta>
	<link>
		<sublink>search</sublink>
		<sublink>searchsd</sublink>
	</link>
	<thumbnail>https://image.tmdb.org/t/p/w1280/reA4wlTY9qGwryVftscFT2q0ZLK.jpg</thumbnail>
	<fanart>https://image.tmdb.org/t/p/w1280/yBQFqrRyvf7WrmEDAzrny982uDJ.jpg</fanart>
</item>

<item>
	<title>Fear and Loathing in Las Vegas (1998)</title>
	<meta>
		<content>movie</content>
		<imdb>tt0120669</imdb>
		<title>Fear and Loathing in Las Vegas</title>
		<year>1998</year>
	</meta>
	<link>
		<sublink>search</sublink>
		<sublink>searchsd</sublink>
	</link>
	<thumbnail>https://image.tmdb.org/t/p/w1280/u9ffgobMADj6GCafeImbov566j9.jpg</thumbnail>
	<fanart>https://image.tmdb.org/t/p/w1280/vtEKE4OFsnuIh37oo1arOMM2ELv.jpg</fanart>
</item>

<item>
	<title>Fight Club (1999)</title>
	<meta>
		<content>movie</content>
		<imdb>tt0137523</imdb>
		<title>Fight Club</title>
		<year>1999</year>
	</meta>
	<link>
		<sublink>search</sublink>
		<sublink>searchsd</sublink>
	</link>
	<thumbnail>https://image.tmdb.org/t/p/w1280/adw6Lq9FiC9zjYEpOqfq03ituwp.jpg</thumbnail>
	<fanart>https://image.tmdb.org/t/p/w1280/mMZRKb3NVo5ZeSPEIaNW9buLWQ0.jpg</fanart>
</item>

<item>
	<title>Final Destination (2000)</title>
	<meta>
		<content>movie</content>
		<imdb>tt0195714</imdb>
		<title>Final Destination</title>
		<year>2000</year>
	</meta>
	<link>
		<sublink>search</sublink>
		<sublink>searchsd</sublink>
	</link>
	<thumbnail>https://image.tmdb.org/t/p/w1280/nW6JfCIWqUpIESlras0nrVy4pCl.jpg</thumbnail>
	<fanart>https://image.tmdb.org/t/p/w1280/pkqsU4ufXilO4ajJSdButxj8xCJ.jpg</fanart>
</item>

<item>
	<title>Finding Nemo (2003)</title>
	<meta>
		<content>movie</content>
		<imdb>tt0266543</imdb>
		<title>Finding Nemo</title>
		<year>2003</year>
	</meta>
	<link>
		<sublink>search</sublink>
		<sublink>searchsd</sublink>
	</link>
	<thumbnail>https://image.tmdb.org/t/p/w1280/syPWyeeqzTQIxjIUaIFI7d0TyEY.jpg</thumbnail>
	<fanart>https://image.tmdb.org/t/p/w1280/2Vv4suw1ja7RpnR6FaXAOihI68g.jpg</fanart>
</item>

<item>
	<title>First Blood (1982)</title>
	<meta>
		<content>movie</content>
		<imdb>tt0083944</imdb>
		<title>First Blood</title>
		<year>1982</year>
	</meta>
	<link>
		<sublink>search</sublink>
		<sublink>searchsd</sublink>
	</link>
	<thumbnail>https://image.tmdb.org/t/p/w1280/wOsPbJixVc80iilfcByLKPAKz6G.jpg</thumbnail>
	<fanart>https://image.tmdb.org/t/p/w1280/xiBsA8Qj5KhO4cUKz6RHDtKpBGs.jpg</fanart>
</item>

<item>
	<title>Forrest Gump (1994)</title>
	<meta>
		<content>movie</content>
		<imdb>tt0109830</imdb>
		<title>Forrest Gump</title>
		<year>1994</year>
	</meta>
	<link>
		<sublink>search</sublink>
		<sublink>searchsd</sublink>
	</link>
	<thumbnail>https://image.tmdb.org/t/p/w1280/yE5d3BUhE8hCnkMUJOo1QDoOGNz.jpg</thumbnail>
	<fanart>https://image.tmdb.org/t/p/w1280/wMgbnUVS9wbRGAdki8fqxKU1O0N.jpg</fanart>
</item>

<item>
	<title>Fracture (2007)</title>
	<meta>
		<content>movie</content>
		<imdb>tt0488120</imdb>
		<title>Fracture</title>
		<year>2007</year>
	</meta>
	<link>
		<sublink>search</sublink>
		<sublink>searchsd</sublink>
	</link>
	<thumbnail>https://image.tmdb.org/t/p/w1280/sl5QYze20MclzDLxLDqe3sEJdiW.jpg</thumbnail>
	<fanart>https://image.tmdb.org/t/p/w1280/rf5j1avHtvLkVnBLdGmqh1LbIN0.jpg</fanart>
</item>

<item>
	<title>Frequency (2000)</title>
	<meta>
		<content>movie</content>
		<imdb>tt0186151</imdb>
		<title>Frequency</title>
		<year>2000</year>
	</meta>
	<link>
		<sublink>search</sublink>
		<sublink>searchsd</sublink>
	</link>
	<thumbnail>https://image.tmdb.org/t/p/w1280/n0QAAZmIaPPIShVkk8eiKwfGV9.jpg</thumbnail>
	<fanart>https://image.tmdb.org/t/p/w1280/bRGtZsVj2Qq8r5CCsNYmQUPF4z4.jpg</fanart>
</item>

<item>
	<title>Frozen (2013)</title>
	<meta>
		<content>movie</content>
		<imdb>tt2294629</imdb>
		<title>Frozen</title>
		<year>I 2013</year>
	</meta>
	<link>
		<sublink>search</sublink>
		<sublink>searchsd</sublink>
	</link>
	<thumbnail>https://image.tmdb.org/t/p/w1280/eFnGmj63QPUpK7QUWSOUhypIQOT.jpg</thumbnail>
	<fanart>https://image.tmdb.org/t/p/w1280/cN9Nbwh66TRcj2gBE8cSEZulsx3.jpg</fanart>
</item>

<item>
	<title>Full Metal Jacket (1987)</title>
	<meta>
		<content>movie</content>
		<imdb>tt0093058</imdb>
		<title>Full Metal Jacket</title>
		<year>1987</year>
	</meta>
	<link>
		<sublink>search</sublink>
		<sublink>searchsd</sublink>
	</link>
	<thumbnail>https://image.tmdb.org/t/p/w1280/29veIwD38rVL2qY74emXQw4y25H.jpg</thumbnail>
	<fanart>https://image.tmdb.org/t/p/w1280/nfm6JCKUaM6dT0mATmShLY6cpmc.jpg</fanart>
</item>

<item>
	<title>Gangs of New York (2002)</title>
	<meta>
		<content>movie</content>
		<imdb>tt0217505</imdb>
		<title>Gangs of New York</title>
		<year>2002</year>
	</meta>
	<link>
		<sublink>search</sublink>
		<sublink>searchsd</sublink>
	</link>
	<thumbnail>https://image.tmdb.org/t/p/w1280/lemqKtcCuAano5aqrzxYiKC8kkn.jpg</thumbnail>
	<fanart>https://image.tmdb.org/t/p/w1280/a2Aj5ksEo2HOUH3FbGyZCtaJM4C.jpg</fanart>
</item>

<item>
	<title>Garden State (2004)</title>
	<meta>
		<content>movie</content>
		<imdb>tt0333766</imdb>
		<title>Garden State</title>
		<year>2004</year>
	</meta>
	<link>
		<sublink>search</sublink>
		<sublink>searchsd</sublink>
	</link>
	<thumbnail>https://image.tmdb.org/t/p/w1280/u7IASCZ02Q94SYklSIR2609inis.jpg</thumbnail>
	<fanart>https://image.tmdb.org/t/p/w1280/wLwz6SfI9nLIuYNaLOQHX8sni7C.jpg</fanart>
</item>

<item>
	<title>Ghostbusters (1984)</title>
	<meta>
		<content>movie</content>
		<imdb>tt0087332</imdb>
		<title>Ghostbusters</title>
		<year>1984</year>
	</meta>
	<link>
		<sublink>search</sublink>
		<sublink>searchsd</sublink>
	</link>
	<thumbnail>https://image.tmdb.org/t/p/w1280/3FS3oBdorgczgfCkFi2u8ZTFfpS.jpg</thumbnail>
	<fanart>https://image.tmdb.org/t/p/w1280/qmDy6Rdom8d8UFj9GeAAtVIjTRT.jpg</fanart>
</item>

<item>
	<title>Gladiator (2000)</title>
	<meta>
		<content>movie</content>
		<imdb>tt0172495</imdb>
		<title>Gladiator</title>
		<year>2000</year>
	</meta>
	<link>
		<sublink>search</sublink>
		<sublink>searchsd</sublink>
	</link>
	<thumbnail>https://image.tmdb.org/t/p/w1280/6WBIzCgmDCYrqh64yDREGeDk9d3.jpg</thumbnail>
	<fanart>https://image.tmdb.org/t/p/w1280/5vZw7ltCKI0JiOYTtRxaIC3DX0e.jpg</fanart>
</item>

<item>
	<title>Godzilla (2014)</title>
	<meta>
		<content>movie</content>
		<imdb>tt0831387</imdb>
		<title>Godzilla</title>
		<year>2014</year>
	</meta>
	<link>
		<sublink>search</sublink>
		<sublink>searchsd</sublink>
	</link>
	<thumbnail>https://image.tmdb.org/t/p/w1280/szVwkB4H5yyOJBVuQ432b9boO0N.jpg</thumbnail>
	<fanart>https://image.tmdb.org/t/p/w1280/2WKcxQbTVkLUgoS5kPnHlecbj02.jpg</fanart>
</item>

<item>
	<title>GoldenEye (1995)</title>
	<meta>
		<content>movie</content>
		<imdb>tt0113189</imdb>
		<title>GoldenEye</title>
		<year>1995</year>
	</meta>
	<link>
		<sublink>search</sublink>
		<sublink>searchsd</sublink>
	</link>
	<thumbnail>https://image.tmdb.org/t/p/w1280/5c0ovjT41KnYIHYuF4AWsTe3sKh.jpg</thumbnail>
	<fanart>https://image.tmdb.org/t/p/w1280/sIuZYKo7UySIeBMvd9saK7ibw4z.jpg</fanart>
</item>

<item>
	<title>Goldfinger (1964)</title>
	<meta>
		<content>movie</content>
		<imdb>tt0058150</imdb>
		<title>Goldfinger</title>
		<year>1964</year>
	</meta>
	<link>
		<sublink>search</sublink>
		<sublink>searchsd</sublink>
	</link>
	<thumbnail>https://image.tmdb.org/t/p/w1280/vBNbFU3OS6okJIQBOos1aZXpy2Z.jpg</thumbnail>
	<fanart>https://image.tmdb.org/t/p/w1280/iyD72nJFBGbEIrpQjzdhE3wFxPL.jpg</fanart>
</item>

<item>
	<title>Good Morning, Vietnam (1987)</title>
	<meta>
		<content>movie</content>
		<imdb>tt0093105</imdb>
		<title>Good Morning, Vietnam</title>
		<year>1987</year>
	</meta>
	<link>
		<sublink>search</sublink>
		<sublink>searchsd</sublink>
	</link>
	<thumbnail>https://image.tmdb.org/t/p/w1280/62Ve2yREvobU0qo4DxdSrShh1YO.jpg</thumbnail>
	<fanart>https://image.tmdb.org/t/p/w1280/5HdzBJBdvaqpPHjbH3qcSqHPJ0S.jpg</fanart>
</item>

<item>
	<title>Good Will Hunting (1997)</title>
	<meta>
		<content>movie</content>
		<imdb>tt0119217</imdb>
		<title>Good Will Hunting</title>
		<year>1997</year>
	</meta>
	<link>
		<sublink>search</sublink>
		<sublink>searchsd</sublink>
	</link>
	<thumbnail>https://image.tmdb.org/t/p/w1280/jq8LjngZ7XZEQge5JFTdOGMrHyZ.jpg</thumbnail>
	<fanart>https://image.tmdb.org/t/p/w1280/8vA6dxBzRqSajvqdmTLtoguAa3T.jpg</fanart>
</item>

<item>
	<title>Goodfellas (1990)</title>
	<meta>
		<content>movie</content>
		<imdb>tt0099685</imdb>
		<title>Goodfellas</title>
		<year>1990</year>
	</meta>
	<link>
		<sublink>search</sublink>
		<sublink>searchsd</sublink>
	</link>
	<thumbnail>https://image.tmdb.org/t/p/w1280/pwpGfTImTGifEGgLb3s6LRPd4I6.jpg</thumbnail>
	<fanart>https://image.tmdb.org/t/p/w1280/sw7mordbZxgITU877yTpZCud90M.jpg</fanart>
</item>

<item>
	<title>Gran Torino (2008)</title>
	<meta>
		<content>movie</content>
		<imdb>tt1205489</imdb>
		<title>Gran Torino</title>
		<year>2008</year>
	</meta>
	<link>
		<sublink>search</sublink>
		<sublink>searchsd</sublink>
	</link>
	<thumbnail>https://image.tmdb.org/t/p/w1280/9ip2LgCyVMdovhJqY4mttTWfyo6.jpg</thumbnail>
	<fanart>https://image.tmdb.org/t/p/w1280/w7oBCXL7gAwmYD7g0W17q8q1Ozc.jpg</fanart>
</item>

<item>
	<title>Gravity (2013)</title>
	<meta>
		<content>movie</content>
		<imdb>tt1454468</imdb>
		<title>Gravity</title>
		<year>2013</year>
	</meta>
	<link>
		<sublink>search</sublink>
		<sublink>searchsd</sublink>
	</link>
	<thumbnail>https://image.tmdb.org/t/p/w1280/uPxtxhB2Fy9ihVqtBtNGHmknJqV.jpg</thumbnail>
	<fanart>https://image.tmdb.org/t/p/w1280/9aoWzwOwy9NLuSk9LkBwwrBdPYM.jpg</fanart>
</item>

<item>
	<title>Groundhog Day (1993)</title>
	<meta>
		<content>movie</content>
		<imdb>tt0107048</imdb>
		<title>Groundhog Day</title>
		<year>1993</year>
	</meta>
	<link>
		<sublink>search</sublink>
		<sublink>searchsd</sublink>
	</link>
	<thumbnail>https://image.tmdb.org/t/p/w1280/vXjVd0Vu0MXRZnga7wEnHIIhO5B.jpg</thumbnail>
	<fanart>https://image.tmdb.org/t/p/w1280/8mX6FV59T2dSeln4Vc3KLM133aZ.jpg</fanart>
</item>

<item>
	<title>Halloween (1978)</title>
	<meta>
		<content>movie</content>
		<imdb>tt0077651</imdb>
		<title>Halloween</title>
		<year>1978</year>
	</meta>
	<link>
		<sublink>search</sublink>
		<sublink>searchsd</sublink>
	</link>
	<thumbnail>https://image.tmdb.org/t/p/w1280/vjoOFOTBJcJvA1weJejlZ92LZD4.jpg</thumbnail>
	<fanart>https://image.tmdb.org/t/p/w1280/6Io0gvfEVpMQsB46yXOKCpSJOoJ.jpg</fanart>
</item>

<item>
	<title>Hard Candy (2005)</title>
	<meta>
		<content>movie</content>
		<imdb>tt0424136</imdb>
		<title>Hard Candy</title>
		<year>2005</year>
	</meta>
	<link>
		<sublink>search</sublink>
		<sublink>searchsd</sublink>
	</link>
	<thumbnail>https://image.tmdb.org/t/p/w1280/1xInhmQVOOVS7xFT5DthpIwUTDI.jpg</thumbnail>
	<fanart>https://image.tmdb.org/t/p/w1280/pQUxfw0ZVb5AK9PYyTzjYaEIs3m.jpg</fanart>
</item>

<item>
	<title>Harry Brown (2009)</title>
	<meta>
		<content>movie</content>
		<imdb>tt1289406</imdb>
		<title>Harry Brown</title>
		<year>2009</year>
	</meta>
	<link>
		<sublink>search</sublink>
		<sublink>searchsd</sublink>
	</link>
	<thumbnail>https://image.tmdb.org/t/p/w1280/68V1ClrCT7ik7UDiAkIDliRaAXf.jpg</thumbnail>
	<fanart>https://image.tmdb.org/t/p/w1280/szj3uqOGDu8Uwvwo0Si42BCxI04.jpg</fanart>
</item>

<item>
	<title>Heat (1995)</title>
	<meta>
		<content>movie</content>
		<imdb>tt0113277</imdb>
		<title>Heat</title>
		<year>1995</year>
	</meta>
	<link>
		<sublink>search</sublink>
		<sublink>searchsd</sublink>
	</link>
	<thumbnail>https://image.tmdb.org/t/p/w1280/6pmLVffM9jEYK7VqDJqPblMxfEY.jpg</thumbnail>
	<fanart>https://image.tmdb.org/t/p/w1280/7RRuRcGuWkZGuRyYugfXn0Fgrrr.jpg</fanart>
</item>

<item>
	<title>Heist (2001)</title>
	<meta>
		<content>movie</content>
		<imdb>tt0252503</imdb>
		<title>Heist</title>
		<year>2001</year>
	</meta>
	<link>
		<sublink>search</sublink>
		<sublink>searchsd</sublink>
	</link>
	<thumbnail>https://image.tmdb.org/t/p/w1280/pxn4PMxyNatJhliQEGGhssnvEEW.jpg</thumbnail>
	<fanart>https://image.tmdb.org/t/p/w1280/asDHxLkwrhbGTAVOoh6BB6myPBL.jpg</fanart>
</item>

<item>
	<title>Hellboy (2004)</title>
	<meta>
		<content>movie</content>
		<imdb>tt0167190</imdb>
		<title>Hellboy</title>
		<year>2004</year>
	</meta>
	<link>
		<sublink>search</sublink>
		<sublink>searchsd</sublink>
	</link>
	<thumbnail>https://image.tmdb.org/t/p/w1280/buAYSdNVKMgNhdcuKHIwelSQxPe.jpg</thumbnail>
	<fanart>https://image.tmdb.org/t/p/w1280/13DIK3beAoroeJSdrcYm66s6hal.jpg</fanart>
</item>

<item>
	<title>Home Alone (1990)</title>
	<meta>
		<content>movie</content>
		<imdb>tt0099785</imdb>
		<title>Home Alone</title>
		<year>1990</year>
	</meta>
	<link>
		<sublink>search</sublink>
		<sublink>searchsd</sublink>
	</link>
	<thumbnail>https://image.tmdb.org/t/p/w1280/8IWPBT1rkAaI8Kpk5V3WfQRklJ7.jpg</thumbnail>
	<fanart>https://image.tmdb.org/t/p/w1280/bD5bJcjr14hnkWS11soQepslUmz.jpg</fanart>
</item>

<item>
	<title>Hotel Rwanda (2004)</title>
	<meta>
		<content>movie</content>
		<imdb>tt0395169</imdb>
		<title>Hotel Rwanda</title>
		<year>2004</year>
	</meta>
	<link>
		<sublink>search</sublink>
		<sublink>searchsd</sublink>
	</link>
	<thumbnail>https://image.tmdb.org/t/p/w1280/p3pHw85UMZPegfMZBA6dZ06yarm.jpg</thumbnail>
	<fanart>https://image.tmdb.org/t/p/w1280/dQCTuhrP8bgsctRYeHSX21ceNX1.jpg</fanart>
</item>

<item>
	<title>I Am Legend (2007)</title>
	<meta>
		<content>movie</content>
		<imdb>tt0480249</imdb>
		<title>I Am Legend</title>
		<year>2007</year>
	</meta>
	<link>
		<sublink>search</sublink>
		<sublink>searchsd</sublink>
	</link>
	<thumbnail>https://image.tmdb.org/t/p/w1280/9skUuHTFtsJznuFPwmB17ZZvq09.jpg</thumbnail>
	<fanart>https://image.tmdb.org/t/p/w1280/u6Qg7TH7Oh1IFWCQSRr4htFFt0A.jpg</fanart>
</item>

<item>
	<title>I Know What You Did Last Summer (1997)</title>
	<meta>
		<content>movie</content>
		<imdb>tt0119345</imdb>
		<title>I Know What You Did Last Summer</title>
		<year>1997</year>
	</meta>
	<link>
		<sublink>search</sublink>
		<sublink>searchsd</sublink>
	</link>
	<thumbnail>https://image.tmdb.org/t/p/w1280/cruOfvjIqMTbOQxld8SpM8OzVnf.jpg</thumbnail>
	<fanart>https://image.tmdb.org/t/p/w1280/3s1jogOznYmG0xPqHE45D5ir3bx.jpg</fanart>
</item>

<item>
	<title>Ice Age (2002)</title>
	<meta>
		<content>movie</content>
		<imdb>tt0268380</imdb>
		<title>Ice Age</title>
		<year>2002</year>
	</meta>
	<link>
		<sublink>search</sublink>
		<sublink>searchsd</sublink>
	</link>
	<thumbnail>https://image.tmdb.org/t/p/w1280/zpaQwR0YViPd83bx1e559QyZ35i.jpg</thumbnail>
	<fanart>https://image.tmdb.org/t/p/w1280/oDqbewoFuIEWA7UWurole6MzDGn.jpg</fanart>
</item>


<item>
	<title>Inception (2010)</title>
	<meta>
		<content>movie</content>
		<imdb>tt1375666</imdb>
		<title>Inception</title>
		<year>2010</year>
	</meta>
	<link>
		<sublink>search</sublink>
		<sublink>searchsd</sublink>
	</link>
	<thumbnail>https://image.tmdb.org/t/p/w1280none</thumbnail>
	<fanart>https://image.tmdb.org/t/p/w1280none</fanart>
</item>

<item>
	<title>Indiana Jones and the Last Crusade (1989)</title>
	<meta>
		<content>movie</content>
		<imdb>tt0097576</imdb>
		<title>Indiana Jones and the Last Crusade</title>
		<year>1989</year>
	</meta>
	<link>
		<sublink>search</sublink>
		<sublink>searchsd</sublink>
	</link>
	<thumbnail>https://image.tmdb.org/t/p/w1280none</thumbnail>
	<fanart>https://image.tmdb.org/t/p/w1280none</fanart>
</item>

<item>
	<title>Inglourious Basterds (2009)</title>
	<meta>
		<content>movie</content>
		<imdb>tt0361748</imdb>
		<title>Inglourious Basterds</title>
		<year>2009</year>
	</meta>
	<link>
		<sublink>search</sublink>
		<sublink>searchsd</sublink>
	</link>
	<thumbnail>https://image.tmdb.org/t/p/w1280/ai0LXkzVM3hMjDhvFdKMUemoBe.jpg</thumbnail>
	<fanart>https://image.tmdb.org/t/p/w1280/7nF6B9yCEq1ZCT82sGJVtNxOcl5.jpg</fanart>
</item>

<item>
	<title>Inside Man (2006)</title>
	<meta>
		<content>movie</content>
		<imdb>tt0454848</imdb>
		<title>Inside Man</title>
		<year>2006</year>
	</meta>
	<link>
		<sublink>search</sublink>
		<sublink>searchsd</sublink>
	</link>
	<thumbnail>https://image.tmdb.org/t/p/w1280/z6wYRuvk1lf60R4SmWETfdUvGsm.jpg</thumbnail>
	<fanart>https://image.tmdb.org/t/p/w1280/6sLQFh6VFxU8nIkVaYg2yyJ6FL.jpg</fanart>
</item>

<item>
	<title>Insidious (2010)</title>
	<meta>
		<content>movie</content>
		<imdb>tt1591095</imdb>
		<title>Insidious</title>
		<year>I 2010</year>
	</meta>
	<link>
		<sublink>search</sublink>
		<sublink>searchsd</sublink>
	</link>
	<thumbnail>https://image.tmdb.org/t/p/w1280/6Tjg6DWVo2cpqDLxrOQNw1UvIMB.jpg</thumbnail>
	<fanart>https://image.tmdb.org/t/p/w1280/xVNR5eperbCm1DI1JfGhUXd4lqm.jpg</fanart>
</item>

<item>
	<title>Insomnia (2002)</title>
	<meta>
		<content>movie</content>
		<imdb>tt0278504</imdb>
		<title>Insomnia</title>
		<year>2002</year>
	</meta>
	<link>
		<sublink>search</sublink>
		<sublink>searchsd</sublink>
	</link>
	<thumbnail>https://image.tmdb.org/t/p/w1280/zb0D3vfjcPFvuyHp1mFPOIcYJWH.jpg</thumbnail>
	<fanart>https://image.tmdb.org/t/p/w1280/p8UHSddGu2frGk0nCkuPjDemjka.jpg</fanart>
</item>

<item>
	<title>Interstellar (2014)</title>
	<meta>
		<content>movie</content>
		<imdb>tt0816692</imdb>
		<title>Interstellar</title>
		<year>2014</year>
	</meta>
	<link>
		<sublink>search</sublink>
		<sublink>searchsd</sublink>
	</link>
	<thumbnail>https://image.tmdb.org/t/p/w1280/nBNZadXqJSdt05SHLqgT0HuC5Gm.jpg</thumbnail>
	<fanart>https://image.tmdb.org/t/p/w1280/xu9zaAevzQ5nnrsXN6JcahLnG4i.jpg</fanart>
</item>

<item>
	<title>Iron Man (2008)</title>
	<meta>
		<content>movie</content>
		<imdb>tt0371746</imdb>
		<title>Iron Man</title>
		<year>2008</year>
	</meta>
	<link>
		<sublink>search</sublink>
		<sublink>searchsd</sublink>
	</link>
	<thumbnail>https://image.tmdb.org/t/p/w1280/78lPtwv72eTNqFW9COBYI0dWDJa.jpg</thumbnail>
	<fanart>https://image.tmdb.org/t/p/w1280/ZQixhAZx6fH1VNafFXsqa1B8QI.jpg</fanart>
</item>

<item>
	<title>Iron Sky (2012)</title>
	<meta>
		<content>movie</content>
		<imdb>tt1034314</imdb>
		<title>Iron Sky</title>
		<year>2012</year>
	</meta>
	<link>
		<sublink>search</sublink>
		<sublink>searchsd</sublink>
	</link>
	<thumbnail>https://image.tmdb.org/t/p/w1280/4qyVtcCFqrlLMgHtlyxP57PI3ls.jpg</thumbnail>
	<fanart>https://image.tmdb.org/t/p/w1280/mIOWtdsUg9VZXVMwVdO30TejAxn.jpg</fanart>
</item>

<item>
	<title>Jackie Brown (1997)</title>
	<meta>
		<content>movie</content>
		<imdb>tt0119396</imdb>
		<title>Jackie Brown</title>
		<year>1997</year>
	</meta>
	<link>
		<sublink>search</sublink>
		<sublink>searchsd</sublink>
	</link>
	<thumbnail>https://image.tmdb.org/t/p/w1280/4XVPYOdMAizdNMSwS0SK3fPJcvR.jpg</thumbnail>
	<fanart>https://image.tmdb.org/t/p/w1280/lXnsC7wRDLccJR3Ju4nInvLiKO.jpg</fanart>
</item>

<item>
	<title>Jaws (1975)</title>
	<meta>
		<content>movie</content>
		<imdb>tt0073195</imdb>
		<title>Jaws</title>
		<year>1975</year>
	</meta>
	<link>
		<sublink>search</sublink>
		<sublink>searchsd</sublink>
	</link>
	<thumbnail>https://image.tmdb.org/t/p/w1280/l1yltvzILaZcx2jYvc5sEMkM7Eh.jpg</thumbnail>
	<fanart>https://image.tmdb.org/t/p/w1280/uTVuKo6OTGiead1ncsfH2klqYHC.jpg</fanart>
</item>

<item>
	<title>Joy Ride (2001)</title>
	<meta>
		<content>movie</content>
		<imdb>tt0206314</imdb>
		<title>Joy Ride</title>
		<year>2001</year>
	</meta>
	<link>
		<sublink>search</sublink>
		<sublink>searchsd</sublink>
	</link>
	<thumbnail>https://image.tmdb.org/t/p/w1280/q8y2T2LvJV0mvia1RA9pS1K33GR.jpg</thumbnail>
	<fanart>https://image.tmdb.org/t/p/w1280/wr9KMaCGGquZQqmjN8mRqOR2FeM.jpg</fanart>
</item>

<item>
	<title>Jurassic Park (1993)</title>
	<meta>
		<content>movie</content>
		<imdb>tt0107290</imdb>
		<title>Jurassic Park</title>
		<year>1993</year>
	</meta>
	<link>
		<sublink>search</sublink>
		<sublink>searchsd</sublink>
	</link>
	<thumbnail>https://image.tmdb.org/t/p/w1280/c414cDeQ9b6qLPLeKmiJuLDUREJ.jpg</thumbnail>
	<fanart>https://image.tmdb.org/t/p/w1280/8LZ0r7r2SdJIApRvGo2k6CXHq8x.jpg</fanart>
</item>

<item>
	<title>Kill Bill: Vol. 1 (2003)</title>
	<meta>
		<content>movie</content>
		<imdb>tt0266697</imdb>
		<title>Kill Bill: Vol. 1</title>
		<year>2003</year>
	</meta>
	<link>
		<sublink>search</sublink>
		<sublink>searchsd</sublink>
	</link>
	<thumbnail>https://image.tmdb.org/t/p/w1280/v7TaX8kXMXs5yFFGR41guUDNcnB.jpg</thumbnail>
	<fanart>https://image.tmdb.org/t/p/w1280/kkS8PKa8c134vXsj2fQkNqOaCXU.jpg</fanart>
</item>

<item>
	<title>Kill Bill: Vol. 2 (2004)</title>
	<meta>
		<content>movie</content>
		<imdb>tt0378194</imdb>
		<title>Kill Bill: Vol. 2</title>
		<year>2004</year>
	</meta>
	<link>
		<sublink>search</sublink>
		<sublink>searchsd</sublink>
	</link>
	<thumbnail>https://image.tmdb.org/t/p/w1280/2yhg0mZQMhDyvUQ4rG1IZ4oIA8L.jpg</thumbnail>
	<fanart>https://image.tmdb.org/t/p/w1280/akXPz7zK6NZ8YxGqjcHunGK9bXL.jpg</fanart>
</item>

<item>
	<title>King Kong (2005)</title>
	<meta>
		<content>movie</content>
		<imdb>tt0360717</imdb>
		<title>King Kong</title>
		<year>2005</year>
	</meta>
	<link>
		<sublink>search</sublink>
		<sublink>searchsd</sublink>
	</link>
	<thumbnail>https://image.tmdb.org/t/p/w1280/iQYMVoI9QE2wQCOSrxhiBYd4v0w.jpg</thumbnail>
	<fanart>https://image.tmdb.org/t/p/w1280/lWnPz1EvXUWMvXK1plZMA1I2XMV.jpg</fanart>
</item>

<item>
	<title>Kramer vs. Kramer (1979)</title>
	<meta>
		<content>movie</content>
		<imdb>tt0079417</imdb>
		<title>Kramer vs. Kramer</title>
		<year>1979</year>
	</meta>
	<link>
		<sublink>search</sublink>
		<sublink>searchsd</sublink>
	</link>
	<thumbnail>https://image.tmdb.org/t/p/w1280/oyYtH37h8rLUxlERoD49losVvlg.jpg</thumbnail>
	<fanart>https://image.tmdb.org/t/p/w1280/aE33zDunu8FTj76IXqJmHVbcRWg.jpg</fanart>
</item>

<item>
	<title>L.A. Confidential (1997)</title>
	<meta>
		<content>movie</content>
		<imdb>tt0119488</imdb>
		<title>L.A. Confidential</title>
		<year>1997</year>
	</meta>
	<link>
		<sublink>search</sublink>
		<sublink>searchsd</sublink>
	</link>
	<thumbnail>https://image.tmdb.org/t/p/w1280/rIXzJCAvyd3Ci8ipylDQ5wUKqwh.jpg</thumbnail>
	<fanart>https://image.tmdb.org/t/p/w1280/hNIzJtfkidpgER4jDQbmuK8Ebgn.jpg</fanart>
</item>

<item>
	<title>Last Action Hero (1993)</title>
	<meta>
		<content>movie</content>
		<imdb>tt0107362</imdb>
		<title>Last Action Hero</title>
		<year>1993</year>
	</meta>
	<link>
		<sublink>search</sublink>
		<sublink>searchsd</sublink>
	</link>
	<thumbnail>https://image.tmdb.org/t/p/w1280/yeLurMF2Xy3nex17hBbxft6zGR0.jpg</thumbnail>
	<fanart>https://image.tmdb.org/t/p/w1280/A5C62A1MjE5a6ZrtmvHYK3vTKtG.jpg</fanart>
</item>

<item>
	<title>Leaving Las Vegas (1995)</title>
	<meta>
		<content>movie</content>
		<imdb>tt0113627</imdb>
		<title>Leaving Las Vegas</title>
		<year>1995</year>
	</meta>
	<link>
		<sublink>search</sublink>
		<sublink>searchsd</sublink>
	</link>
	<thumbnail>https://image.tmdb.org/t/p/w1280/37qHRJxnSh5YkuaN9FgfNnMl3Tj.jpg</thumbnail>
	<fanart>https://image.tmdb.org/t/p/w1280/2gJDuPxrZBns5ab47HQbyU2l6Im.jpg</fanart>
</item>

<item>
	<title>Lethal Weapon (1987)</title>
	<meta>
		<content>movie</content>
		<imdb>tt0093409</imdb>
		<title>Lethal Weapon</title>
		<year>1987</year>
	</meta>
	<link>
		<sublink>search</sublink>
		<sublink>searchsd</sublink>
	</link>
	<thumbnail>https://image.tmdb.org/t/p/w1280/drp80fBSWhz0vAmzUibXDyn0Pjo.jpg</thumbnail>
	<fanart>https://image.tmdb.org/t/p/w1280/xQpCA4QIEKcfsLf7CSeSM0tHCY7.jpg</fanart>
</item>

<item>
	<title>Lethal Weapon 2 (1989)</title>
	<meta>
		<content>movie</content>
		<imdb>tt0097733</imdb>
		<title>Lethal Weapon 2</title>
		<year>1989</year>
	</meta>
	<link>
		<sublink>search</sublink>
		<sublink>searchsd</sublink>
	</link>
	<thumbnail>https://image.tmdb.org/t/p/w1280/7XAusKpFNv8x9sHpFLAS2lWCT8l.jpg</thumbnail>
	<fanart>https://image.tmdb.org/t/p/w1280/7AwySjHxakk3yCItwtjQbYhWAOg.jpg</fanart>
</item>

<item>
	<title>Lincoln (2012)</title>
	<meta>
		<content>movie</content>
		<imdb>tt0443272</imdb>
		<title>Lincoln</title>
		<year>2012</year>
	</meta>
	<link>
		<sublink>search</sublink>
		<sublink>searchsd</sublink>
	</link>
	<thumbnail>https://image.tmdb.org/t/p/w1280/gkkiDu9srCCbCMxGKwNwKCxK7KF.jpg</thumbnail>
	<fanart>https://image.tmdb.org/t/p/w1280/9vZzjmaXIYotKGnCfQyWBD7PAIO.jpg</fanart>
</item>

<item>
	<title>Lock, Stock and Two Smoking Barrels (1998)</title>
	<meta>
		<content>movie</content>
		<imdb>tt0120735</imdb>
		<title>Lock, Stock and Two Smoking Barrels</title>
		<year>1998</year>
	</meta>
	<link>
		<sublink>search</sublink>
		<sublink>searchsd</sublink>
	</link>
	<thumbnail>https://image.tmdb.org/t/p/w1280/qV7QaSf7f7yC2lc985zfyOJIAIN.jpg</thumbnail>
	<fanart>https://image.tmdb.org/t/p/w1280/kzeR7BA0htJ7BeI6QEUX3PVp39s.jpg</fanart>
</item>

<item>
	<title>Looper (2012)</title>
	<meta>
		<content>movie</content>
		<imdb>tt1276104</imdb>
		<title>Looper</title>
		<year>2012</year>
	</meta>
	<link>
		<sublink>search</sublink>
		<sublink>searchsd</sublink>
	</link>
	<thumbnail>https://image.tmdb.org/t/p/w1280/sNjL6SqErDBE8OUZlrDLkexfsCj.jpg</thumbnail>
	<fanart>https://image.tmdb.org/t/p/w1280/vuHG8VlYnvw4gUKtS7GY5kZol69.jpg</fanart>
</item>

<item>
	<title>Lord of War (2005)</title>
	<meta>
		<content>movie</content>
		<imdb>tt0399295</imdb>
		<title>Lord of War</title>
		<year>2005</year>
	</meta>
	<link>
		<sublink>search</sublink>
		<sublink>searchsd</sublink>
	</link>
	<thumbnail>https://image.tmdb.org/t/p/w1280/nwPUI9WlYtDmE5VO6eEFCfrNXWl.jpg</thumbnail>
	<fanart>https://image.tmdb.org/t/p/w1280/l31Gz3jLhDOlt3MRY7nbltwbptm.jpg</fanart>
</item>

<item>
	<title>Lost Highway (1997)</title>
	<meta>
		<content>movie</content>
		<imdb>tt0116922</imdb>
		<title>Lost Highway</title>
		<year>1997</year>
	</meta>
	<link>
		<sublink>search</sublink>
		<sublink>searchsd</sublink>
	</link>
	<thumbnail>https://image.tmdb.org/t/p/w1280/z6yhgEzGUJaBBgAxoyggRzwLnVM.jpg</thumbnail>
	<fanart>https://image.tmdb.org/t/p/w1280/r27m44vZSharfeDYHKDlM9ktZ3c.jpg</fanart>
</item>

<item>
	<title>Lost in Translation (2003)</title>
	<meta>
		<content>movie</content>
		<imdb>tt0335266</imdb>
		<title>Lost in Translation</title>
		<year>2003</year>
	</meta>
	<link>
		<sublink>search</sublink>
		<sublink>searchsd</sublink>
	</link>
	<thumbnail>https://image.tmdb.org/t/p/w1280/5T8VvuFTdaawKLJk34i69Utaw7o.jpg</thumbnail>
	<fanart>https://image.tmdb.org/t/p/w1280/qsZsEf2IktQSoHe6LNUuWlZkaJE.jpg</fanart>
</item>

<item>
	<title>Love Actually (2003)</title>
	<meta>
		<content>movie</content>
		<imdb>tt0314331</imdb>
		<title>Love Actually</title>
		<year>2003</year>
	</meta>
	<link>
		<sublink>search</sublink>
		<sublink>searchsd</sublink>
	</link>
	<thumbnail>https://image.tmdb.org/t/p/w1280/kfX8Ctin3fSZbdnjh6CXSNZUOVP.jpg</thumbnail>
	<fanart>https://image.tmdb.org/t/p/w1280/nnfORNm5LclB9zxN3TqDKFTGOvT.jpg</fanart>
</item>

<item>
	<title>Lucky Number Slevin (2006)</title>
	<meta>
		<content>movie</content>
		<imdb>tt0425210</imdb>
		<title>Lucky Number Slevin</title>
		<year>2006</year>
	</meta>
	<link>
		<sublink>search</sublink>
		<sublink>searchsd</sublink>
	</link>
	<thumbnail>https://image.tmdb.org/t/p/w1280/jtKq0EtothAzWlnRBBWGCA8uFuu.jpg</thumbnail>
	<fanart>https://image.tmdb.org/t/p/w1280/8nvayG5l0urcjvvpszoECDqLWzD.jpg</fanart>
</item>

<item>
	<title>Mad Max (1979)</title>
	<meta>
		<content>movie</content>
		<imdb>tt0079501</imdb>
		<title>Mad Max</title>
		<year>1979</year>
	</meta>
	<link>
		<sublink>search</sublink>
		<sublink>searchsd</sublink>
	</link>
	<thumbnail>https://image.tmdb.org/t/p/w1280/5LrI4GiCSrChgkdskVZiwv643Kg.jpg</thumbnail>
	<fanart>https://image.tmdb.org/t/p/w1280/7ZyiMee2s7kARJ0IvJOIgTyvmdp.jpg</fanart>
</item>

<item>
	<title>Mad Max: Fury Road (2015)</title>
	<meta>
		<content>movie</content>
		<imdb>tt1392190</imdb>
		<title>Mad Max: Fury Road</title>
		<year>2015</year>
	</meta>
	<link>
		<sublink>search</sublink>
		<sublink>searchsd</sublink>
	</link>
	<thumbnail>https://image.tmdb.org/t/p/w1280/kqjL17yufvn9OVLyXYpvtyrFfak.jpg</thumbnail>
	<fanart>https://image.tmdb.org/t/p/w1280/tbhdm8UJAb4ViCTsulYFL3lxMCd.jpg</fanart>
</item>

<item>
	<title>Magnolia (1999)</title>
	<meta>
		<content>movie</content>
		<imdb>tt0175880</imdb>
		<title>Magnolia</title>
		<year>1999</year>
	</meta>
	<link>
		<sublink>search</sublink>
		<sublink>searchsd</sublink>
	</link>
	<thumbnail>https://image.tmdb.org/t/p/w1280/jxkHxPiMfGiFvxSOduNV4oIKJI5.jpg</thumbnail>
	<fanart>https://image.tmdb.org/t/p/w1280/9In3XGQSdr2yfgUoEdCpqxEGAOO.jpg</fanart>
</item>

<item>
	<title>Mammoth (2009)</title>
	<meta>
		<content>movie</content>
		<imdb>tt1038043</imdb>
		<title>Mammoth</title>
		<year>2009</year>
	</meta>
	<link>
		<sublink>search</sublink>
		<sublink>searchsd</sublink>
	</link>
	<thumbnail>https://image.tmdb.org/t/p/w1280/oHEO8xNYuDfm6llHV1lhzfF9qNN.jpg</thumbnail>
	<fanart>https://image.tmdb.org/t/p/w1280/xGCu6XqwEeWNSxa2KYKGRFu1jkE.jpg</fanart>
</item>

<item>
	<title>Man on Fire (2004)</title>
	<meta>
		<content>movie</content>
		<imdb>tt0328107</imdb>
		<title>Man on Fire</title>
		<year>2004</year>
	</meta>
	<link>
		<sublink>search</sublink>
		<sublink>searchsd</sublink>
	</link>
	<thumbnail>https://image.tmdb.org/t/p/w1280/grCGLCcTHv9TChibzOwzUpykcjB.jpg</thumbnail>
	<fanart>https://image.tmdb.org/t/p/w1280/lITyO4KDUIg7AujFKC3uCZMMskz.jpg</fanart>
</item>

<item>
	<title>Man on the Moon (1999)</title>
	<meta>
		<content>movie</content>
		<imdb>tt0125664</imdb>
		<title>Man on the Moon</title>
		<year>1999</year>
	</meta>
	<link>
		<sublink>search</sublink>
		<sublink>searchsd</sublink>
	</link>
	<thumbnail>https://image.tmdb.org/t/p/w1280/otB2n1cXZ6ASbbRSwKm0Ze7kcNn.jpg</thumbnail>
	<fanart>https://image.tmdb.org/t/p/w1280/pbRiqUD8zp7e1HIt2Cn68xyxnjL.jpg</fanart>
</item>

<item>
	<title>Match Point (2005)</title>
	<meta>
		<content>movie</content>
		<imdb>tt0416320</imdb>
		<title>Match Point</title>
		<year>2005</year>
	</meta>
	<link>
		<sublink>search</sublink>
		<sublink>searchsd</sublink>
	</link>
	<thumbnail>https://image.tmdb.org/t/p/w1280/zuSFZEbSs7hj9lfeu2k7a4bPxdE.jpg</thumbnail>
	<fanart>https://image.tmdb.org/t/p/w1280/1HEdbjJ20vXn8nW1LwPMc5lY63U.jpg</fanart>
</item>

<item>
	<title>Me, Myself & Irene (2000)</title>
	<meta>
		<content>movie</content>
		<imdb>tt0183505</imdb>
		<title>Me, Myself & Irene</title>
		<year>2000</year>
	</meta>
	<link>
		<sublink>search</sublink>
		<sublink>searchsd</sublink>
	</link>
	<thumbnail>https://image.tmdb.org/t/p/w1280/y7OG1Y2UvnaEoQEQIonnykJvdwt.jpg</thumbnail>
	<fanart>https://image.tmdb.org/t/p/w1280/vKEMIoqP2HqYG9jKqFgjnaPssKK.jpg</fanart>
</item>

<item>
	<title>Memento (2000)</title>
	<meta>
		<content>movie</content>
		<imdb>tt0209144</imdb>
		<title>Memento</title>
		<year>2000</year>
	</meta>
	<link>
		<sublink>search</sublink>
		<sublink>searchsd</sublink>
	</link>
	<thumbnail>https://image.tmdb.org/t/p/w1280/fQMSaP88cf1nz4qwuNEEFtazuDM.jpg</thumbnail>
	<fanart>https://image.tmdb.org/t/p/w1280/q2CtXYjp9IlnfBcPktNkBPsuAEO.jpg</fanart>
</item>

<item>
	<title>Metallica Through the Never (2013)</title>
	<meta>
		<content>movie</content>
		<imdb>tt2172935</imdb>
		<title>Metallica Through the Never</title>
		<year>2013</year>
	</meta>
	<link>
		<sublink>search</sublink>
		<sublink>searchsd</sublink>
	</link>
	<thumbnail>https://image.tmdb.org/t/p/w1280/6oUOEfQdwNsayTog8OW6HetErvd.jpg</thumbnail>
	<fanart>https://image.tmdb.org/t/p/w1280/3SfDh1dUSlljCYZJxKntKF5NkSJ.jpg</fanart>
</item>

<item>
	<title>Miami Vice (2006)</title>
	<meta>
		<content>movie</content>
		<imdb>tt0430357</imdb>
		<title>Miami Vice</title>
		<year>2006</year>
	</meta>
	<link>
		<sublink>search</sublink>
		<sublink>searchsd</sublink>
	</link>
	<thumbnail>https://image.tmdb.org/t/p/w1280none</thumbnail>
	<fanart>https://image.tmdb.org/t/p/w1280none</fanart>
</item>

<item>
	<title>Midnight Run (1988)</title>
	<meta>
		<content>movie</content>
		<imdb>tt0095631</imdb>
		<title>Midnight Run</title>
		<year>1988</year>
	</meta>
	<link>
		<sublink>search</sublink>
		<sublink>searchsd</sublink>
	</link>
	<thumbnail>https://image.tmdb.org/t/p/w1280none</thumbnail>
	<fanart>https://image.tmdb.org/t/p/w1280none</fanart>
</item>

<item>
	<title>Milk (I) (2008)</title>
	<meta>
		<content>movie</content>
		<imdb>tt1013753</imdb>
		<title>Milk</title>
		<year>I 2008</year>
	</meta>
	<link>
		<sublink>search</sublink>
		<sublink>searchsd</sublink>
	</link>
	<thumbnail>https://image.tmdb.org/t/p/w1280none</thumbnail>
	<fanart>https://image.tmdb.org/t/p/w1280none</fanart>
</item>

<item>
	<title>Million Dollar Baby (2004)</title>
	<meta>
		<content>movie</content>
		<imdb>tt0405159</imdb>
		<title>Million Dollar Baby</title>
		<year>2004</year>
	</meta>
	<link>
		<sublink>search</sublink>
		<sublink>searchsd</sublink>
	</link>
	<thumbnail>https://image.tmdb.org/t/p/w1280none</thumbnail>
	<fanart>https://image.tmdb.org/t/p/w1280none</fanart>
</item>

<item>
	<title>Minority Report (2002)</title>
	<meta>
		<content>movie</content>
		<imdb>tt0181689</imdb>
		<title>Minority Report</title>
		<year>2002</year>
	</meta>
	<link>
		<sublink>search</sublink>
		<sublink>searchsd</sublink>
	</link>
	<thumbnail>https://image.tmdb.org/t/p/w1280none</thumbnail>
	<fanart>https://image.tmdb.org/t/p/w1280none</fanart>
</item>

<item>
	<title>Misery (1990)</title>
	<meta>
		<content>movie</content>
		<imdb>tt0100157</imdb>
		<title>Misery</title>
		<year>1990</year>
	</meta>
	<link>
		<sublink>search</sublink>
		<sublink>searchsd</sublink>
	</link>
	<thumbnail>https://image.tmdb.org/t/p/w1280none</thumbnail>
	<fanart>https://image.tmdb.org/t/p/w1280none</fanart>
</item>

<item>
	<title>Mission: Impossible (1996)</title>
	<meta>
		<content>movie</content>
		<imdb>tt0117060</imdb>
		<title>Mission: Impossible</title>
		<year>1996</year>
	</meta>
	<link>
		<sublink>search</sublink>
		<sublink>searchsd</sublink>
	</link>
	<thumbnail>https://image.tmdb.org/t/p/w1280/1PVKS17pIBFsIhgFws2uagPDNLW.jpg</thumbnail>
	<fanart>https://image.tmdb.org/t/p/w1280/tjQHn6xW5BiB1RJ3OZIPDzIOSkF.jpg</fanart>
</item>

<item>
	<title>Mission: Impossible - Ghost Protocol (2011)</title>
	<meta>
		<content>movie</content>
		<imdb>tt1229238</imdb>
		<title>Mission: Impossible - Ghost Protocol</title>
		<year>2011</year>
	</meta>
	<link>
		<sublink>search</sublink>
		<sublink>searchsd</sublink>
	</link>
	<thumbnail>https://image.tmdb.org/t/p/w1280/s58mMsgIVOFfoXPtwPWJ3hDYpXf.jpg</thumbnail>
	<fanart>https://image.tmdb.org/t/p/w1280/pc7a2qrIkIxzqWGqcexd3mHzIxy.jpg</fanart>
</item>

<item>
	<title>Mission: Impossible - Rogue Nation (2015)</title>
	<meta>
		<content>movie</content>
		<imdb>tt2381249</imdb>
		<title>Mission: Impossible - Rogue Nation</title>
		<year>2015</year>
	</meta>
	<link>
		<sublink>search</sublink>
		<sublink>searchsd</sublink>
	</link>
	<thumbnail>https://image.tmdb.org/t/p/w1280/z2sJd1OvAGZLxgjBdSnQoLCfn3M.jpg</thumbnail>
	<fanart>https://image.tmdb.org/t/p/w1280/8XeLfNQrDmFQmPTqxapfWUnKiLf.jpg</fanart>
</item>

<item>
	<title>Monster's Ball (2001)</title>
	<meta>
		<content>movie</content>
		<imdb>tt0285742</imdb>
		<title>Monster's Ball</title>
		<year>2001</year>
	</meta>
	<link>
		<sublink>search</sublink>
		<sublink>searchsd</sublink>
	</link>
	<thumbnail>https://image.tmdb.org/t/p/w1280/s7o0AyOFIYNjTe008pV6EZMI2IP.jpg</thumbnail>
	<fanart>https://image.tmdb.org/t/p/w1280/2lZYvShWuVThLM6Oo8zfakdBMqw.jpg</fanart>
</item>

<item>
	<title>Monsters, Inc. (2001)</title>
	<meta>
		<content>movie</content>
		<imdb>tt0198781</imdb>
		<title>Monsters, Inc.</title>
		<year>2001</year>
	</meta>
	<link>
		<sublink>search</sublink>
		<sublink>searchsd</sublink>
	</link>
	<thumbnail>https://image.tmdb.org/t/p/w1280/93Y9BGx8blzmZOPSoivkFfaifqU.jpg</thumbnail>
	<fanart>https://image.tmdb.org/t/p/w1280/wJOHzjTDhnEUyP0Q8gyp6ggvL4A.jpg</fanart>
</item>

<item>
	<title>Moulin Rouge! (2001)</title>
	<meta>
		<content>movie</content>
		<imdb>tt0203009</imdb>
		<title>Moulin Rouge!</title>
		<year>2001</year>
	</meta>
	<link>
		<sublink>search</sublink>
		<sublink>searchsd</sublink>
	</link>
	<thumbnail>https://image.tmdb.org/t/p/w1280/xhuQz2yKPlWvMvvnf2u9RVkAQx6.jpg</thumbnail>
	<fanart>https://image.tmdb.org/t/p/w1280/ibXhTCxthtwhMj84XJq8W4KtQDt.jpg</fanart>
</item>

<item>
	<title>Mrs. Doubtfire (1993)</title>
	<meta>
		<content>movie</content>
		<imdb>tt0107614</imdb>
		<title>Mrs. Doubtfire</title>
		<year>1993</year>
	</meta>
	<link>
		<sublink>search</sublink>
		<sublink>searchsd</sublink>
	</link>
	<thumbnail>https://image.tmdb.org/t/p/w1280/jowem7ShDXxMd2mXq26cy5LDEHP.jpg</thumbnail>
	<fanart>https://image.tmdb.org/t/p/w1280/qNsWEoqmGPJJk9c0orgycftzRQi.jpg</fanart>
</item>

<item>
	<title>Mulholland Dr. (2001)</title>
	<meta>
		<content>movie</content>
		<imdb>tt0166924</imdb>
		<title>Mulholland Dr.</title>
		<year>2001</year>
	</meta>
	<link>
		<sublink>search</sublink>
		<sublink>searchsd</sublink>
	</link>
	<thumbnail>https://image.tmdb.org/t/p/w1280/tVxGt7uffLVhIIcwuldXOMpFBPX.jpg</thumbnail>
	<fanart>https://image.tmdb.org/t/p/w1280/91KNvuQXrWq5vehtQpciCOiOyJe.jpg</fanart>
</item>

<item>
	<title>Mysterious Skin (2004)</title>
	<meta>
		<content>movie</content>
		<imdb>tt0370986</imdb>
		<title>Mysterious Skin</title>
		<year>2004</year>
	</meta>
	<link>
		<sublink>search</sublink>
		<sublink>searchsd</sublink>
	</link>
	<thumbnail>https://image.tmdb.org/t/p/w1280/wynnf6LT4ueuCuREPRMtHGQIk5T.jpg</thumbnail>
	<fanart>https://image.tmdb.org/t/p/w1280/3ERMKWci8eqXL7EtgvvbmFZaBdX.jpg</fanart>
</item>

<item>
	<title>Mystic River (2003)</title>
	<meta>
		<content>movie</content>
		<imdb>tt0327056</imdb>
		<title>Mystic River</title>
		<year>2003</year>
	</meta>
	<link>
		<sublink>search</sublink>
		<sublink>searchsd</sublink>
	</link>
	<thumbnail>https://image.tmdb.org/t/p/w1280/qeHasONCKH5sR9HcTWquXI5ZN5y.jpg</thumbnail>
	<fanart>https://image.tmdb.org/t/p/w1280/77SSqcbjWooVLUndqjhGugA8eln.jpg</fanart>
</item>

<item>
	<title>Nebraska (2013)</title>
	<meta>
		<content>movie</content>
		<imdb>tt1821549</imdb>
		<title>Nebraska</title>
		<year>2013</year>
	</meta>
	<link>
		<sublink>search</sublink>
		<sublink>searchsd</sublink>
	</link>
	<thumbnail>https://image.tmdb.org/t/p/w1280/zyG3vYWK7SwWT4bvrWeFef0J7fp.jpg</thumbnail>
	<fanart>https://image.tmdb.org/t/p/w1280/pjVhL1UZ33jBWPBd8HxOpfhAiA7.jpg</fanart>
</item>

<item>
	<title>No Country for Old Men (2007)</title>
	<meta>
		<content>movie</content>
		<imdb>tt0477348</imdb>
		<title>No Country for Old Men</title>
		<year>2007</year>
	</meta>
	<link>
		<sublink>search</sublink>
		<sublink>searchsd</sublink>
	</link>
	<thumbnail>https://image.tmdb.org/t/p/w1280/nBaqryObPuxmuAndWUjDE5rriTd.jpg</thumbnail>
	<fanart>https://image.tmdb.org/t/p/w1280/3gqrxjbXUWI1fi3wCEtBIXqCeJN.jpg</fanart>
</item>

<item>
	<title>No Man's Land (2001)</title>
	<meta>
		<content>movie</content>
		<imdb>tt0283509</imdb>
		<title>No Man's Land</title>
		<year>I 2001</year>
	</meta>
	<link>
		<sublink>search</sublink>
		<sublink>searchsd</sublink>
	</link>
	<thumbnail>https://image.tmdb.org/t/p/w1280/8DvLzDG9OeDzKdXZjRkCoWfXUcc.jpg</thumbnail>
	<fanart>https://image.tmdb.org/t/p/w1280/rvqeMX1HONJ2v7g3leaHtxSXBRZ.jpg</fanart>
</item>

<item>
	<title>Non-Stop (2014)</title>
	<meta>
		<content>movie</content>
		<imdb>tt2024469</imdb>
		<title>Non-Stop</title>
		<year>2014</year>
	</meta>
	<link>
		<sublink>search</sublink>
		<sublink>searchsd</sublink>
	</link>
	<thumbnail>https://image.tmdb.org/t/p/w1280/ifgEHE1ortukpBF6wh03HCuctdr.jpg</thumbnail>
	<fanart>https://image.tmdb.org/t/p/w1280/9nvKnbKPX6JvCX7CrbIdkuRgADg.jpg</fanart>
</item>

<item>
	<title>O Brother, Where Art Thou? (2000)</title>
	<meta>
		<content>movie</content>
		<imdb>tt0190590</imdb>
		<title>O Brother, Where Art Thou?</title>
		<year>2000</year>
	</meta>
	<link>
		<sublink>search</sublink>
		<sublink>searchsd</sublink>
	</link>
	<thumbnail>https://image.tmdb.org/t/p/w1280/eIqSzq6j3yuxNmifiUOh6iTpG9N.jpg</thumbnail>
	<fanart>https://image.tmdb.org/t/p/w1280/wGxK2uFowRXdyKcv8Gni7snK3yu.jpg</fanart>
</item>

<item>
	<title>Oblivion (2013)</title>
	<meta>
		<content>movie</content>
		<imdb>tt1483013</imdb>
		<title>Oblivion</title>
		<year>I 2013</year>
	</meta>
	<link>
		<sublink>search</sublink>
		<sublink>searchsd</sublink>
	</link>
	<thumbnail>https://image.tmdb.org/t/p/w1280/hmOzkHlkGvi8x24fYpFSnXvjklv.jpg</thumbnail>
	<fanart>https://image.tmdb.org/t/p/w1280/8TE77jL2e4zdERpv8hnBAHUmFRx.jpg</fanart>
</item>

<item>
	<title>Ocean's Eleven (2001)</title>
	<meta>
		<content>movie</content>
		<imdb>tt0240772</imdb>
		<title>Ocean's Eleven</title>
		<year>2001</year>
	</meta>
	<link>
		<sublink>search</sublink>
		<sublink>searchsd</sublink>
	</link>
	<thumbnail>https://image.tmdb.org/t/p/w1280/o0h76DVXvk5OKjmNez5YY0GODC2.jpg</thumbnail>
	<fanart>https://image.tmdb.org/t/p/w1280/z2fiN0tgkgOcAFl5gxvQlYXCn3l.jpg</fanart>
</item>

<item>
	<title>Out of Sight (1998)</title>
	<meta>
		<content>movie</content>
		<imdb>tt0120780</imdb>
		<title>Out of Sight</title>
		<year>1998</year>
	</meta>
	<link>
		<sublink>search</sublink>
		<sublink>searchsd</sublink>
	</link>
	<thumbnail>https://image.tmdb.org/t/p/w1280/hSL2Ta4ErgAxPEOlkkxZmrTSAET.jpg</thumbnail>
	<fanart>https://image.tmdb.org/t/p/w1280/tcJIy7V4H8v9accnFAKyuKwAtQR.jpg</fanart>
</item>

<item>
	<title>Pan's Labyrinth (2006)</title>
	<meta>
		<content>movie</content>
		<imdb>tt0457430</imdb>
		<title>Pan's Labyrinth</title>
		<year>2006</year>
	</meta>
	<link>
		<sublink>search</sublink>
		<sublink>searchsd</sublink>
	</link>
	<thumbnail>https://image.tmdb.org/t/p/w1280/t0TDsqbCTgSi0AL7k4baZrOYYhi.jpg</thumbnail>
	<fanart>https://image.tmdb.org/t/p/w1280/4XP5kp70Pw01qpD6Gr0PQwy43Mr.jpg</fanart>
</item>

<item>
	<title>Perfume: The Story of a Murderer (2006)</title>
	<meta>
		<content>movie</content>
		<imdb>tt0396171</imdb>
		<title>Perfume: The Story of a Murderer</title>
		<year>2006</year>
	</meta>
	<link>
		<sublink>search</sublink>
		<sublink>searchsd</sublink>
	</link>
	<thumbnail>https://image.tmdb.org/t/p/w1280/zC9JHS6NlkJKPYFxOOqBl7fQCjT.jpg</thumbnail>
	<fanart>https://image.tmdb.org/t/p/w1280/3i8bJa5yvLZW2k4sg2Cd1Yy0a1x.jpg</fanart>
</item>

<item>
	<title>Phone Booth (2002)</title>
	<meta>
		<content>movie</content>
		<imdb>tt0183649</imdb>
		<title>Phone Booth</title>
		<year>2002</year>
	</meta>
	<link>
		<sublink>search</sublink>
		<sublink>searchsd</sublink>
	</link>
	<thumbnail>https://image.tmdb.org/t/p/w1280/xIaUpPok8WFnr79EAvgtGsIaJzV.jpg</thumbnail>
	<fanart>https://image.tmdb.org/t/p/w1280/39qFDO2UOLQ3Z69E5EGisCTQAAx.jpg</fanart>
</item>

<item>
	<title>Pirates of the Caribbean: At World's End (2007)</title>
	<meta>
		<content>movie</content>
		<imdb>tt0449088</imdb>
		<title>Pirates of the Caribbean: At World's End</title>
		<year>2007</year>
	</meta>
	<link>
		<sublink>search</sublink>
		<sublink>searchsd</sublink>
	</link>
	<thumbnail>https://image.tmdb.org/t/p/w1280/bXb00CkHqx7TPchTGG131sWV59y.jpg</thumbnail>
	<fanart>https://image.tmdb.org/t/p/w1280/EDloimImeTz1rFM7YIJ5Dw1mzU.jpg</fanart>
</item>

<item>
	<title>Pirates of the Caribbean: Dead Man's Chest (2006)</title>
	<meta>
		<content>movie</content>
		<imdb>tt0383574</imdb>
		<title>Pirates of the Caribbean: Dead Man's Chest</title>
		<year>2006</year>
	</meta>
	<link>
		<sublink>search</sublink>
		<sublink>searchsd</sublink>
	</link>
	<thumbnail>https://image.tmdb.org/t/p/w1280/9pSUIBqkr89PdlJ6fNrXwNNbgp.jpg</thumbnail>
	<fanart>https://image.tmdb.org/t/p/w1280/yD3gXOtGmXnbJBPLgqluZU2QF5c.jpg</fanart>
</item>

<item>
	<title>Pirates of the Caribbean: On Stranger Tides (2011)</title>
	<meta>
		<content>movie</content>
		<imdb>tt1298650</imdb>
		<title>Pirates of the Caribbean: On Stranger Tides</title>
		<year>2011</year>
	</meta>
	<link>
		<sublink>search</sublink>
		<sublink>searchsd</sublink>
	</link>
	<thumbnail>https://image.tmdb.org/t/p/w1280/wNUDAq5OUMOtxMlz64YaCp7gZma.jpg</thumbnail>
	<fanart>https://image.tmdb.org/t/p/w1280/l7zANdjgTvYqwZUx76Vk0EKpCH5.jpg</fanart>
</item>

<item>
	<title>Pirates of the Caribbean: The Curse of the Black Pearl (2003)</title>
	<meta>
		<content>movie</content>
		<imdb>tt0325980</imdb>
		<title>Pirates of the Caribbean: The Curse of the Black Pearl</title>
		<year>2003</year>
	</meta>
	<link>
		<sublink>search</sublink>
		<sublink>searchsd</sublink>
	</link>
	<thumbnail>https://image.tmdb.org/t/p/w1280/tkt9xR1kNX5R9rCebASKck44si2.jpg</thumbnail>
	<fanart>https://image.tmdb.org/t/p/w1280/8AUQ7YlJJA9C8kWk8P4YNHIcFDE.jpg</fanart>
</item>

<item>
	<title>Planet Terror (2007)</title>
	<meta>
		<content>movie</content>
		<imdb>tt1077258</imdb>
		<title>Planet Terror</title>
		<year>2007</year>
	</meta>
	<link>
		<sublink>search</sublink>
		<sublink>searchsd</sublink>
	</link>
	<thumbnail>https://image.tmdb.org/t/p/w1280/7Yjzttt0VfPphSsUg8vFUO9WaEt.jpg</thumbnail>
	<fanart>https://image.tmdb.org/t/p/w1280/a2zIKDg5QGFc2vzdaPXT7uZKipe.jpg</fanart>
</item>

<item>
	<title>Platoon (1986)</title>
	<meta>
		<content>movie</content>
		<imdb>tt0091763</imdb>
		<title>Platoon</title>
		<year>1986</year>
	</meta>
	<link>
		<sublink>search</sublink>
		<sublink>searchsd</sublink>
	</link>
	<thumbnail>https://image.tmdb.org/t/p/w1280/sYPOQI57JVNmjiLI3KeZ5KA8O9i.jpg</thumbnail>
	<fanart>https://image.tmdb.org/t/p/w1280/a9lSR1Lu7Tphl6lSLuxvKLfqWBC.jpg</fanart>
</item>

<item>
	<title>Predator (1987)</title>
	<meta>
		<content>movie</content>
		<imdb>tt0093773</imdb>
		<title>Predator</title>
		<year>1987</year>
	</meta>
	<link>
		<sublink>search</sublink>
		<sublink>searchsd</sublink>
	</link>
	<thumbnail>https://image.tmdb.org/t/p/w1280/gUpto7r2XwoM5eW7MUvd8hl1etB.jpg</thumbnail>
	<fanart>https://image.tmdb.org/t/p/w1280/vvsQe0ksUH001rxFGrnZkL9eBzr.jpg</fanart>
</item>

<item>
	<title>Prisoners (2013)</title>
	<meta>
		<content>movie</content>
		<imdb>tt1392214</imdb>
		<title>Prisoners</title>
		<year>2013</year>
	</meta>
	<link>
		<sublink>search</sublink>
		<sublink>searchsd</sublink>
	</link>
	<thumbnail>https://image.tmdb.org/t/p/w1280/yAhqW57pwMAsCgmZpM5zSIVQVTh.jpg</thumbnail>
	<fanart>https://image.tmdb.org/t/p/w1280/cLGKawjQ5tUJCuDyR0OnGYT4fyf.jpg</fanart>
</item>

<item>
	<title>Prometheus (2012)</title>
	<meta>
		<content>movie</content>
		<imdb>tt1446714</imdb>
		<title>Prometheus</title>
		<year>I 2012</year>
	</meta>
	<link>
		<sublink>search</sublink>
		<sublink>searchsd</sublink>
	</link>
	<thumbnail>https://image.tmdb.org/t/p/w1280/ng8ALjSDhUmwLl7vtjUWIZNQSlt.jpg</thumbnail>
	<fanart>https://image.tmdb.org/t/p/w1280/rRhoMIqgdX9wEtRUOLsqXKkH9I0.jpg</fanart>
</item>

<item>
	<title>Pulp Fiction (1994)</title>
	<meta>
		<content>movie</content>
		<imdb>tt0110912</imdb>
		<title>Pulp Fiction</title>
		<year>1994</year>
	</meta>
	<link>
		<sublink>search</sublink>
		<sublink>searchsd</sublink>
	</link>
	<thumbnail>https://image.tmdb.org/t/p/w1280none</thumbnail>
	<fanart>https://image.tmdb.org/t/p/w1280none</fanart>
</item>

<item>
	<title>Raiders of the Lost Ark (1981)</title>
	<meta>
		<content>movie</content>
		<imdb>tt0082971</imdb>
		<title>Raiders of the Lost Ark</title>
		<year>1981</year>
	</meta>
	<link>
		<sublink>search</sublink>
		<sublink>searchsd</sublink>
	</link>
	<thumbnail>https://image.tmdb.org/t/p/w1280none</thumbnail>
	<fanart>https://image.tmdb.org/t/p/w1280none</fanart>
</item>

<item>
	<title>Rain Man (1988)</title>
	<meta>
		<content>movie</content>
		<imdb>tt0095953</imdb>
		<title>Rain Man</title>
		<year>1988</year>
	</meta>
	<link>
		<sublink>search</sublink>
		<sublink>searchsd</sublink>
	</link>
	<thumbnail>https://image.tmdb.org/t/p/w1280none</thumbnail>
	<fanart>https://image.tmdb.org/t/p/w1280none</fanart>
</item>

<item>
	<title>Ratatouille (2007)</title>
	<meta>
		<content>movie</content>
		<imdb>tt0382932</imdb>
		<title>Ratatouille</title>
		<year>2007</year>
	</meta>
	<link>
		<sublink>search</sublink>
		<sublink>searchsd</sublink>
	</link>
	<thumbnail>https://image.tmdb.org/t/p/w1280/xVxxSYHAfrEbllyWFQG5df5nwH4.jpg</thumbnail>
	<fanart>https://image.tmdb.org/t/p/w1280/sFpGI08aeHIRKlLi9SxLyYrRyZ8.jpg</fanart>
</item>

<item>
	<title>Requiem for a Dream (2000)</title>
	<meta>
		<content>movie</content>
		<imdb>tt0180093</imdb>
		<title>Requiem for a Dream</title>
		<year>2000</year>
	</meta>
	<link>
		<sublink>search</sublink>
		<sublink>searchsd</sublink>
	</link>
	<thumbnail>https://image.tmdb.org/t/p/w1280/nOd6vjEmzCT0k4VYqsA2hwyi87C.jpg</thumbnail>
	<fanart>https://image.tmdb.org/t/p/w1280/c5g1Dn1tF22CS2oOvHDNKr1Ve2U.jpg</fanart>
</item>

<item>
	<title>Reservoir Dogs (1992)</title>
	<meta>
		<content>movie</content>
		<imdb>tt0105236</imdb>
		<title>Reservoir Dogs</title>
		<year>1992</year>
	</meta>
	<link>
		<sublink>search</sublink>
		<sublink>searchsd</sublink>
	</link>
	<thumbnail>https://image.tmdb.org/t/p/w1280/jX94vnfcuJ8rTnFbsoriY6dlHrC.jpg</thumbnail>
	<fanart>https://image.tmdb.org/t/p/w1280/fupyzBwFAn1PoeCXhp54bYVM2ER.jpg</fanart>
</item>

<item>
	<title>Road to Perdition (2002)</title>
	<meta>
		<content>movie</content>
		<imdb>tt0257044</imdb>
		<title>Road to Perdition</title>
		<year>2002</year>
	</meta>
	<link>
		<sublink>search</sublink>
		<sublink>searchsd</sublink>
	</link>
	<thumbnail>https://image.tmdb.org/t/p/w1280/9C3VMy9HZ1VBhVHTadqg7pFh2ac.jpg</thumbnail>
	<fanart>https://image.tmdb.org/t/p/w1280/z1ePpG598FI2az9fZrvHmKbV5Tz.jpg</fanart>
</item>

<item>
	<title>RoboCop (1987)</title>
	<meta>
		<content>movie</content>
		<imdb>tt0093870</imdb>
		<title>RoboCop</title>
		<year>1987</year>
	</meta>
	<link>
		<sublink>search</sublink>
		<sublink>searchsd</sublink>
	</link>
	<thumbnail>https://image.tmdb.org/t/p/w1280/gtGreTdzYBuQsEwTliEFdTzPleV.jpg</thumbnail>
	<fanart>https://image.tmdb.org/t/p/w1280/s6XqpJcn7VT3MHI3VyGZ07DKZF8.jpg</fanart>
</item>
