<?xml version="1.0" encoding="UTF-8" standalone="yes"?>
<addon id="script.neptune.artwork" version="1.1.3" name="Neptune Rising Artwork" provider-name="MrBlamo">
	<requires>
		<import addon="xbmc.python" version="2.19.0"/>
	</requires>
	<extension point="xbmc.python.module" library="lib" />
	<extension point="xbmc.addon.metadata">
		<summary>Themes for the Neptune Rising Addon</summary>
		<description>Themes for Neptune Rising are maintained separately to make distribution of the the addon itself easier/faster.</description>
        <disclaimer lang="en">The author is not responsible for the use of this addon. The author is not responsible for the content found using this addon. The author does not host or own any content found within this addon.
The author is in no way affiliated with Kodi, Team Kodi, or the XBMC Foundation.
This is a Non-profit resource, organized solely for educational purposes which is protected under the Fair-Use doctrine of the Copyright Act, Specifically section 107, which does promote freedom of expression, by permitting the unlicensed use of copyright-protected works.
</disclaimer>
		<platform>all</platform>
		<reuselanguageinvoker>false</reuselanguageinvoker>
		<license>Beerware rev. 42</license>
	</extension>
</addon>
